tier,rank,product,role,active_or_signal,size,observed_price_usd,price_per_unit,availability_snapshot,body_site_fit,evidence_translation,irritation_or_limit,source_url,local_capture
S,1,"Good Molecules Discoloration Correcting Body Treatment","Signal/transfer + gentle turnover","4% niacinamide; 2% cetyl tranexamate mesylate; 2% acetyl glucosamine; 0.5% LHA","120 mL","15.00","$0.13/mL","Official listing showed in stock on 2026-09-02","Body: arms, legs, chest, back, thighs; not mucosa","Body-specific formula with disclosed percentages; no independent body RCT","pH ~4.4 and LHA; avoid fresh shave, folds, eczema, broken skin","https://v1.goodmolecules.com/products/discoloration-correcting-body-treatment?Option=Single","good_molecules_discoloration_body_2026-09-02.html"
S,2,"The Ordinary Niacinamide 5% Face & Body Emulsion","Signal/barrier support","5% niacinamide","100 mL","14.00","$0.14/mL","Official U.S. listing checked 2026-09-02","Face and body; broad areas; sensitive-skin first step","Face/body directions and simple fragrance-free INCI; category-level support","Not a direct inhibitor; patch test and stop if irritation","https://theordinary.com/en-us/niacinamide-5-face-body-serum-769915233889.html","the_ordinary_niacinamide_body_2026-09-02.html"
A,1,"Eucerin Radiant Tone Dark Spot Corrector Body Lotion","Direct inhibitor + hydration","Thiamidol; hyaluronic acid; Licochalcone A","8.5 fl oz","24.50","$2.88/fl oz","Walmart listing sold/shipped by Walmart.com on 2026-09-02","Broad body marks; not intimate or irritated skin","Body-specific direct-inhibitor translation; Thiamidol facial mechanism/RCT support","Thiamidol percentage undisclosed; follow label collective-use ceiling","https://www.walmart.com/ip/20570517080","eucerin_radiant_tone_body_lotion_walmart_2026-09-02.html"
A,2,"Bioderma Pigmentbio Sensitive Areas","Fold/site-specific direct treatment","Azelaic acid, salicylic acid, licorice and proprietary blend; percentages undisclosed","75 mL","46.99","$0.63/mL","Official U.S. listing checked 2026-09-02","External axilla, groin-adjacent/friction, thighs, knees, neck","Brand-reported axilla/groin image analysis at 28/56 days; direct site positioning","Expensive; manufacturer-reported results; external skin only","https://www.bioderma.us/en/p/pigmentbio-sensitive-areas.html","bioderma_pigmentbio_sensitive_areas_2026-09-02.html"
A,3,"La Roche-Posay Mela B3 Dual Body Discoloration Treatment","Direct inhibitor + signal/turnover","Melasyl (2-MNG); niacinamide; LHA","U.S. size not exposed reliably","27.99","Not calculated","Official U.S. page checked 2026-09-02","Body and sensitive zones from underarms toward bikini line","Manufacturer four-week consumer-perception study; body-specific formula","Alcohol denat., fragrance, LHA, dyes; short consumer study","https://www.laroche-posay.us/our-products/body/body-treatment/mela-b3-dual-body-discoloration-treatment-with-melasyl-3337875941396.html","live_official_page"
A,4,"Eucerin Daily Hydration SPF 30 Body Lotion","Photoprotection/prevention","Broad-spectrum SPF 30","8 oz","10.79","$1.35/oz","Target listing in stock on 2026-09-02","Exposed arms, legs, chest, shoulders, neck","Prevents UV-driven darkening while treatment works; not a lightener trial","Use/reapply per sunscreen label; SPF 50, clothing or shade may be preferable","https://www.target.com/p/-/A-80890254","eucerin_spf30_body_target_2026-09-02.html"
A,5,"Eucerin Advanced Repair / Smoothing Repair Lotion","Barrier/recovery","Ceramide-3; natural moisturizing factors; 5% urea","16.9 fl oz","13.69","$0.81/oz","Target category listing checked 2026-09-02","Any body site; recovery and active nights","Barrier support lowers irritation/PIH risk; not a pigment trial","Urea can sting fissured skin","https://www.eucerinus.com/products/advanced-repair/eucerin-smoothing-repair-dry-skin-lotion","live_official_page"
A,6,"AmLactin Daily Nourish 12% Lactic Acid","Optional turnover/texture","12% lactic acid","20 oz","15.88","$0.79/oz","Costco same-day sale snapshot on 2026-09-02","Rough KP-like arms, elbows, knees; intact skin only","Large body texture formula; pigment benefit is indirect/extrapolated","Do not stack with LHA/glycolic/retinoid; may burn folds or fresh shave","https://amlactin.com/collections/lactic-acid-12-percent/products/daily-nourish-lotion-with-12-lactic-acid","live_official_page"
B,1,"The Ordinary Azelaic Acid Suspension 10%","Anti-inflammatory core","10% azelaic acid","30 mL or 100 mL","12.20 or 28.80","$0.41/mL (30 mL); $0.29/mL (100 mL)","Official/Sephora listings checked 2026-09-02","Small body marks or follicular PIH; face formula","Category evidence is plausible; body use extrapolated","Avoid same night as acids or retinoid; suspension may pill","https://theordinary.com/en-us/azelaic-acid-suspension-10-exfoliator-100407.html","live_official_page"
B,2,"The Ordinary Glycolic Acid 7% Toning Solution","Occasional turnover","7% glycolic acid","240 mL","13.50","$0.06/mL","Sephora listing checked 2026-09-02","Intact arms/legs or rough texture only","Known acid concentration; body PIH use is off-label/extrapolated","Sun sensitivity; avoid folds, mucosa, fresh shave/wax, eczema, other actives","https://theordinary.com/en-us/glycolic-acid-7-exfoliating-toner-100418.html","live_official_page"
B,3,"Naturium Tranexamic Topical Acid 5%","Small-area signal/alternative TXA","5% tranexamic acid; kojic acid; niacinamide; licorice","30 mL","20.00","$0.67/mL","Official listing checked 2026-09-02","Face/neck/chest directions; small intact body marks only","Coherent multi-active formula; body translation extrapolated","Do not duplicate TXA/niacinamide lane; small bottle","https://naturium.com/collections/all/products/tranexamic-topical-acid-5","live_official_page"
B,4,"up&up adapalene 0.1%","Follicular acne/ingrown-hair branch","0.1% adapalene","15 g","9.99","$0.67/g","Target listing in stock on 2026-09-02","Follicular acne/ingrowns; not cosmetic whole-body lightening","OTC acne indication may prevent new PIH when driver is follicular disease","Irritation/photosensitivity; label is acne-only; avoid pregnancy/trying without clinician","https://www.target.com/p/-/A-91551180","upup_adapalene_target_2026-09-02.html"
B,5,"NIVEA Luminous630 Anti Stretch Marks & Dark Spots Body Cream","Imported direct-inhibitor fallback","Thiamidol/ITR","200 mL","31.99","$0.16/mL","Walmart marketplace/import snapshot on 2026-09-02","Broad body, subject to regional label","Global body-specific Thiamidol formula; evidence/label varies by market","Alcohol denat. and parfum; seller/expiry uncertainty; one Thiamidol product/day","https://www.nivea.co.za/products/nivea-luminous630-anti-marks-and-spots-body-cream-60010510058330147.html","live_official_page"
B,6,"Good Molecules Discoloration Correcting Serum","Small-spot signal/transfer","3% cetyl tranexamate mesylate; 4% niacinamide","30 mL or 75 mL","12.00 or 25.00","$0.40/mL (30 mL); $0.33/mL (75 mL)","Official listing checked 2026-09-02","Small intact spots; face serum, not body-specific","Transparent active label; category translation only","Do not duplicate with GM body treatment; not for mucosa/fresh shave","https://www.goodmolecules.com/s/good-molecules-discoloration-correcting-serum-75ml","live_official_page"
