date,model,brand,item_usd,shipping_usd,total_usd,condition_claim,item_id,url,verification
2026-10-01,ST99,Panasonic,150,0,150,Used; tested,800187156873,https://www.ebay.com/itm/800187156873,Listing page
2026-10-01,ST0A,Panasonic,183,0,183,New other; tested with charger,389768530383,https://www.ebay.com/itm/389768530383,Listing page
2026-10-01,ST0A,Panasonic,160,26,186,Used; good,398413370945,https://www.ebay.com/itm/398413370945,Listing page
2026-10-01,SS85,Panasonic,348,0,348,Used; tested,800746169833,https://www.ebay.com/itm/800746169833,Live search card
2026-10-01,Shiny Neo YJFM18N,YA-MAN,198,38,236,Used,398192385122,https://www.ebay.com/itm/398192385122,Live search card
2026-10-01,Deep Lift YJFA1T,YA-MAN,552,0,552,New sealed claimed; limited seller history,168622042013,https://www.ebay.com/itm/168622042013,Live search card
2026-10-01,Deep Lift YJFA1T,YA-MAN,587,0,587,Used; tested,800563243295,https://www.ebay.com/itm/800563243295,Live search card
2026-10-01,Booster Pro,Medicube,99.99,10,109.99,Used; tested; blemishes,398402457172,https://www.ebay.com/itm/398402457172,Live search card
2026-10-01,Mini Booster Pro,Medicube,67.99,0,67.99,Brand new claimed,188731626163,https://www.ebay.com/itm/188731626163,Live search card
2026-10-01,Mini Booster Pro Plus,Medicube,66.99,9.99,76.98,Brand new sealed claimed,287612808471,https://www.ebay.com/itm/287612808471,Live search card
2026-10-01,Booster Pro X2,Medicube,99.99,8.27,108.26,New other; authenticity unverified,267781833368,https://www.ebay.com/itm/267781833368,Live search card
2026-10-01,Booster Pro X2,Medicube,189.99,0,189.99,New sealed claimed,336763699941,https://www.ebay.com/itm/336763699941,Live search card
