provisional_preference_order_not_measured_efficacy,device,delivery_research_grade,planning_price_low_usd,planning_price_high_usd,scope_and_verification
"1= investigation group,not efficacy tie",Deep Lift,C,550,650,mixed condition;low-confidence preference;search refreshed
"1= investigation group,not efficacy tie",SS85,C,350,400,used;low-confidence preference;search refreshed
3=,ST0A,C,180,200,used/new other;tie for small actives;listing refreshed
3=,ST99,C,150,150,used;tie for small actives;listing refreshed
Uncertain,Booster Pro X2,D,110,190,new other/sealed claims;earlier same-day
"1= investigation group,not efficacy tie",Booster Pro,C+,110,110,used;listing refreshed
Uncertain,Shiny Neo,D,235,320,used;planning allowance;earlier same-day
Uncertain,Mini Plus,C,77,77,new claim;earlier same-day
Uncertain,Mini,D,68,80,new claim;promotion;listing refreshed
