rule_id,left,right,classification,minimum_spacing,reason,evidence_basis,source_refs,scope
R001,adapalene,benzoyl peroxide,compatible,none,"Approved co-formulation and acne-guideline support; irritation still applies",regulatory_label_and_guideline,"1;2","Sequential finished products or approved fixed combination"
R002,conventional tretinoin,benzoyl peroxide,separate,different session,"Tretinoin degradation in tested unprotected formulations under light",direct_stability_study,3,"Verify exact tretinoin vehicle and prescriber instructions"
R003,microsphere or optimized tretinoin,benzoyl peroxide,compatible,exact formula check,"Protected formulations can be stable; exception is not class-wide",formulation_study_and_label,"4;5","Only the documented formulation"
R004,topical dapsone,benzoyl peroxide,separate,different session,"Temporary yellow or orange skin or hair discoloration",regulatory_label,6,"Same treatment site"
R005,topical dapsone,adapalene,compatible,none,"Randomized regimen study reported generally mild local reactions",randomized_clinical_study,7,"Prescription directions still control"
R006,hydroquinone,benzoyl peroxide or hydrogen peroxide,separate,different session,"Peroxide oxidation can cause temporary skin coloration",official_product_monograph,8,"Same treatment site; do not premix"
R007,prescription triple combination,separate hydroquinone or retinoid,avoid,prescriber only,"Duplicates hydroquinone and or tretinoin already in the prescription product",regulatory_label,9,"Do not recreate a fixed prescription combination"
R008,niacinamide,L-ascorbic acid,compatible,none,"No clinical sequential-use cancellation evidence located; formula tolerance can differ",indirect_human_coformulation_and_inference,10,"Finished products; human co-formulation used a vitamin C derivative rather than low-pH LAA"
R009,retinol,vitamin C,compatible,exact formula check,"Finished combination studied in human skin",small_double_blind_human_studies,11,"Does not validate arbitrary maximum-strength layering"
R010,prescription tretinoin,topical ascorbic acid,caution,different session initially,"A clinical regimen supports coexistence; AM and PM split reduces crowding",small_clinical_regimen_study,12,"Tolerance-led default rather than a chemical hard stop"
R011,retinol,glycolic acid,caution,different session initially,"Finished combination studied; independent leave-ons can add irritation",randomized_coformulation_study,13,"Separate products are not equivalent to the studied cream"
R012,retinoid,AHA BHA PHA or other exfoliant,caution,different session initially,"Additive dryness and irritation rather than cancellation",regulatory_label_precaution,14,"Reduce frequency or stop for significant irritation"
R013,retinoid,azelaic acid or sulfur,caution,different session initially,"Treatments may share a regimen but irritation can accumulate",guideline_and_label_inference,"1;14","No universal waiting-time number"
R014,benzoyl peroxide,AHA BHA PHA sulfur or azelaic acid,caution,different session initially,"Several drying or keratolytic treatments can crowd one session",guideline_and_label_inference,"1;14","Not a blanket chemical incompatibility"
R015,L-ascorbic acid,AHA BHA PHA or azelaic acid,caution,different session initially,"Independent acidic leave-ons may add sting",mechanism_review_and_tolerance_inference,15,"No evidence-based pH-reset timer"
R016,L-ascorbic acid,benzoyl peroxide,unknown,different session,"Oxidation is plausible but direct human sequential-layering evidence is insufficient",formulation_inference,15,"Do not premix; separation does not create proof of compatibility"
R018,multiple retinoid strategies,multiple retinoid strategies,avoid,prescriber only,"Redundant strategy and increased attribution or irritation burden",label_and_clinical_inference,14,"Alternating does not establish added benefit"
R019,multiple exfoliant families,multiple exfoliant families,caution,different session,"Redundant keratolytic load makes irritation harder to attribute",label_and_clinical_inference,14,"Choose one initial lane"
R020,heavy occlusive ointment,strong leave-on active,caution,exact label,"Occlusion can alter penetration and tolerability",pharmaceutic_inference,,"Barrier recovery does not mean every active should be sealed in"
R021,red or near-infrared PBM,topical active,separate,different session,"Clean bare skin makes optical setup more reproducible",device_setup_inference,,"Manual controls; not chemical cancellation"
R022,home fractional Tria FRX,strong topical active,separate,recovery state,"Clean dry product-free setup and return-to-baseline recovery gate",manufacturer_IFU,17,"A different calendar day is not proof of recovery"
R023,home IPL or diode hair removal,strong topical active,separate,exact device label,"Photosensitizers irritated skin residue and peel rules are model-specific",exact_IFU_required,,"Same body site; no class-wide stop-day number"
R024,professional microneedling or RF microneedling,ordinary topical serum,separate,clinician sequence,"FDA does not authorize microneedling devices to deliver cosmetics medicines or vitamins",FDA_device_guidance,"18;19","Do not treat professional needling as a serum-delivery routine step"
R025,clinic laser RF or HIFU,topical active,separate,clinician sequence,"Parameters site and wound response determine pre and post care",clinician_protocol_required,,"No universal consumer washout"
R026,Sculptra or injectable,energy procedure or strong topical,separate,clinician sequence,"Implant-site inflammation and aftercare are clinician-controlled",FDA_patient_label,20,"Not an ingredient-cancellation question"
R027,niacinamide,vitamin C derivative,compatible,none,"Randomized Serum B3 formula combined niacinamide and stabilized vitamin C",randomized_finished_formula,24,"Derivative-specific; does not validate every serum"
R028,niacinamide,urea,compatible,none,"Low-load barrier-support coexistence; urea has independent barrier/hydration evidence",barrier_hydration_trial_and_inference,47,"No direct pair trial; inspect vehicle and irritation"
R029,niacinamide,dapsone sulfur triple combination or cysteamine,caution,different session,"Prescription or sulfur/pigment treatment lane can raise irritation and attribution load",label_and_treatment_protocol,5;6;29;30;49,"Spacing is a tolerance default, not chemical incompatibility"
R030,niacinamide,non-copper peptide,compatible,none,"Human cosmetic regimens and serums evaluated niacinamide with peptides",randomized_cosmetic_regimens,"34;36","Formula tolerance and medical active instructions still apply"
R031,L-ascorbic acid,hydroquinone,compatible,exact formula check,"Clinical pigment studies used a hydroquinone plus ascorbic acid comparator formula",comparative_pigment_studies,"30;31","Designed formula; not unsupervised hydroquinone mixing"
R032,L-ascorbic acid,topical tranexamic acid,compatible,exact formula check,"Topical TXA/ascorbic-acid and related pigment formulas have been studied",topical_pigment_formula_studies,"24;25;56","Verify concentration, vehicle, and sting"
R033,L-ascorbic acid,non-copper peptide,compatible,exact formula check,"Peptide-C products contain topical vitamin C and biopeptides with clinical tolerability evidence",finished_product_clinical_studies,"37;38","Co-formulation evidence, not arbitrary maximum-strength layering"
R034,vitamin C derivative,OTC retinoid,compatible,exact formula check,"Human studies evaluated vitamin C derivatives with retinol or related cosmetic retinoids",cosmetic_combination_studies,"39;40;41","Do not generalize to prescription retinoids or unrelated vehicles"
R035,vitamin C derivative,prescription retinoid or high-load active,caution,different session,"Derivative formula evidence exists, but prescription labels, pH, oxidants, and active load control separate-product use",formula_and_label_inference,"15;24;48;49;51;52","Start apart; not a universal cancellation rule"
R036,retinoid,urea dapsone HOCl TXA other pigment or peptide,caution,different session,"Labels and adjacent clinical formulas support careful coexistence, not a universal same-session stack",label_and_regimen_tolerance,"5;33;34;35;48","Explicit dapsone/adapalene and OTC-retinoid/peptide exceptions remain higher confidence"
R037,AHA BHA or PHA,urea azelaic dapsone sulfur HOCl hydroquinone TXA cysteamine or other pigment,caution,different session,"Peel, maintenance, label, and acne evidence support spacing to control keratolysis, sting, and attribution",clinical_protocol_and_label,"42;43;44;45;49;54","Separate finished products initially"
R038,AHA BHA or PHA,non-copper peptide,compatible,exact formula check,"Finished multi-active and PHA/peptide/niacinamide formulas have been studied",finished_formula_studies,"35;55","Designed formula only; separate leave-ons may still irritate"
R039,benzoyl peroxide,HOCl,separate,different session,"Two oxidant product lanes have formulation and pH uncertainty without direct sequential-use trials",oxidant_formulation_reviews,"10;50;51;52","Follow both labels; do not premix"
R040,HOCl,L-ascorbic acid or cysteamine,separate,different session,"HOCl reviews describe reactivity with electron-donating and thiol groups",mechanistic_review_and_conservative_inference,"15;29;50;51","No human sequential-layering clearance"
R041,topical tranexamic acid,other pigment serum,compatible,exact formula check,"Human pigment formulas paired TXA with niacinamide, alpha-arbutin, licorice, or azelaic derivatives",randomized_pigment_formulas,"21;22;23;25;26","Other pigment is broad; verify full INCI"
R042,topical tranexamic acid,cysteamine or non-copper peptide,caution,different session,"Separate pigment protocols and sparse direct pair evidence make spacing the conservative start",pigment_protocol_and_evidence_gap,"21;29;30;54","Not a claim of chemical incompatibility"
R043,other pigment serum,non-copper peptide,caution,different session,"Some multi-active formulas contain peptides, but the broad pigment family is formulation-dependent",formula_specific_inference,"15;32;35","Full INCI and delivery system control"
R044,copper peptide,"niacinamide; vitamin C derivative; OTC retinoid; urea; azelaic acid; topical TXA; other pigment serum; non-copper peptide",compatible,exact formula check,"Current finished formulas and one low-strength clinical/procedure report document copper-peptide coexistence in designed vehicles",exact_formula_and_limited_clinical_evidence,"58;59;61;62;63;64","Verify the exact INCI, concentration, route, and vehicle; this is not permission to mix independent products"
R045,copper peptide,"L-ascorbic acid; adapalene; conventional or stabilized tretinoin; tazarotene; AHA/BHA/PHA/enzyme; dapsone; sulfur; hydroquinone; triple combination; cysteamine",caution,different session,"Low-pH, prescription, exfoliant, and high-load treatment lanes have formulation or irritation boundaries without direct copper-peptide layering trials",formulation_and_tolerance_inference,"5;6;10;14;15;16;29;30;31;48;49;57;65","Start apart and verify the exact finished products; not a chemical-avoidance claim"
R046,copper peptide,"benzoyl peroxide; HOCl",separate,different session,"GHK-Cu oxidative-stress sensitivity plus oxidant/formulation-sensitive partners justify conservative formula-preservation spacing",oxidant_formulation_and_preformulation_evidence,"16;50;51;52;57","No human skin-layering reaction was established; do not premix"
R047,Residual non-copper unknowns,"niacinamide + HOCl; LAA + urea or BPO; vitamin C derivative + urea; urea + peptide; HOCl + TXA or peptide",unknown,none,"Exact pair search found no defensible direct human sequential-use or validated finished-product study",direct_pair_evidence_gap,"15;44;47;50;51;52","Keep gray unknown; do not treat missing evidence as reassurance"
