id,name,group,goal,layer,score,human_studies,review_count,rct_count,endpoint_fit,transparency,home_translation,confidence,best_use,caveat,archive_route
photoprotection,Photoprotection + tinted sunscreen,foundation,pigment,barrier,96,80,18,34,98,90,high,Established,Prevent pigment relapse and photoaging,Tint and visible-light claims remain formula- and exposure-specific,13_combined_skincare_regimen/index.html
retinoids,Retinoids,ingredient,photoaging|acne,epidermis,94,120,28,55,95,86,mixed,Established,Photoaging and acne maintenance,Prescription strength and tolerability differ from cosmetic retinol,13_combined_skincare_regimen/index.html
acne-actives,Acne actives,ingredient,acne,follicle,93,150,35,70,96,90,high,Established,Lesion reduction with established topical classes,Products and combinations vary; irritation affects adherence,13_combined_skincare_regimen/index.html
fractional-laser,Fractional laser resurfacing,device,texture|scars|pigment,dermal-matrix,91,110,26,45,94,78,low,Established,Texture and atrophic-scar remodeling,Clinic parameters do not transfer to home devices,03_fractional_laser_resurfacing/index.html
microneedling,Microneedling,procedure,texture|scars,dermal-matrix,87,60,14,27,91,75,mixed,Established,Atrophic scars and facial rejuvenation,"Depth, sterility, and technique drive risk and result",10_microneedling_collagen_induction/index.html
hair-laser,Diode / alexandrite / Nd:YAG hair lasers,device,hair,follicle,87,100,22,40,95,82,mixed,Established,Durable reduction of suitable pigmented hair,"Skin tone, hair color, fluence, and maintenance matter",02_diode_laser_hair_removal/index.html
rf,Radiofrequency tightening,device,laxity|texture,dermis,85,70,15,25,88,72,mixed,Established,Selected mild laxity and skin-quality endpoints,Heating history and device feedback are often undisclosed,07_radio_frequency_skin_tightening/index.html
led-wrinkle,Red LED / PBM for facial aging,device,photoaging|recovery,dermis,82,42,12,17,83,74,high,Moderate,Low-downtime adjunct for wrinkle and skin-quality goals,Dose and wavelength are product-specific; effects are modest,04_red_light_therapy_handheld/index.html
ipl-hair,Home IPL hair removal,device,hair,follicle,81,40,9,18,91,65,high,Moderate,Hair reduction for selected home users,Does not establish pigment or rejuvenation efficacy,01_ipl_hair_removal/index.html
azelaic,Azelaic acid,ingredient,acne|pigment,epidermis,80,45,10,18,90,80,high,Moderate,"Acne, redness, and pigment support",Concentration and diagnosis determine fit,13_combined_skincare_regimen/index.html
vitamin-c,Vitamin C / L-ascorbic acid,ingredient,photoaging|pigment,epidermis,79,54,12,21,86,73,high,Moderate,Antioxidant and pigment adjunct,"Stability, pH, vehicle, and packaging matter",08_vitamin_c_serums/index.html
rf-microneedling,RF microneedling,procedure,scars|laxity|texture,dermal-matrix,79,38,9,17,85,70,low,Moderate,Scar remodeling and selected tightening,"Energy, depth, and needle geometry are device-specific",10_microneedling_collagen_induction/index.html
hifu,MFU / HIFU tightening,device,laxity,deep-tissue,77,45,10,12,82,72,low,Moderate,Selected laxity and contour endpoints,Home “HIFU” devices are not automatically MFU-V equivalents,11_hifu_skin_tightening/index.html
tranexamic,Tranexamic acid,ingredient,pigment,epidermis,76,36,9,16,89,80,high,Moderate,Melasma adjunct under appropriate guidance,Oral route has different systemic risks from topical route,13_combined_skincare_regimen/index.html
niacinamide,Niacinamide,ingredient,barrier|pigment|acne,epidermis,75,50,11,19,88,80,high,Moderate,Barrier and pigment-support adjunct,Finished formulas and percentages vary,13_combined_skincare_regimen/index.html
peptide-topical,Topical signaling peptides,peptide,photoaging,dermis,64,28,8,11,72,55,high,Limited,Low-risk cosmetic skin-quality adjunct,"Peptide identity, concentration, and finished-formula data are often missing",12_peptides_in_skincare/index.html
collagen-oral,Oral collagen peptides,peptide,photoaging,systemic,63,32,8,16,74,52,mixed,Limited,Modest hydration and elasticity adjunct,Oral pooled signal is not interchangeable with topical peptide evidence,12_peptides_in_skincare/index.html
zinc-barrier,Zinc oxide barrier protectant,ingredient,barrier,recovery,62,34,8,15,85,78,high,Moderate,Moisture and irritant barrier support,Facial anti-aging claims are extrapolated from protectant/wound data,09_zinc_oxide_barrier_cream/index.html
blue-led,Blue/red LED for acne,device,acne,follicle,61,28,6,10,80,65,high,Limited,Adjunct for inflammatory acne,Small heterogeneous home-device evidence base,04_red_light_therapy_handheld/index.html
picosecond,Pigment / fractional picosecond lasers,device,pigment|scars,epidermis,60,34,8,13,78,74,low,Limited,Clinician-selected pigment or scar protocols,Recurrence and PIH risk require diagnosis and follow-up,06_non_fractional_lasers/index.html
1927,1927 nm fractional thulium laser,device,pigment|texture,epidermis,59,28,7,12,82,68,low,Limited,Selected pigment and texture protocols,Home translation and darker-skin evidence are limited,03_fractional_laser_resurfacing/index.html
plla,PLLA / CaHA injectable biostimulators,injectable,laxity|volume,dermis,58,35,9,12,83,78,low,Limited,Diffuse volume loss and selected skin quality,"Material, label, reversibility, and injector skill are decisive",15_sculptra_plla_biostimulator/index.html
microcurrent,Microcurrent / EMS facial devices,device,appearance|laxity,superficial,39,16,3,5,61,45,mixed,Emerging,Short-term appearance or muscle-stimulation hypotheses,Long-term independent facial-aging evidence is thin,05_market_patent_intelligence/index.html
growth-factors,EGF / growth-factor topical adjuncts,ingredient,scars|recovery,dermal-matrix,44,20,5,8,68,50,mixed,Emerging,Procedure adjunct under controlled formulations,Delivery and finished-product identity are variable,03_fractional_laser_resurfacing/index.html
microbiome,Prebiotic / probiotic / microbiome topicals,ingredient,acne|barrier,microbiome,43,25,7,9,70,50,mixed,Emerging,Emerging adjunct research,"Strain, route, formulation, and durability vary widely",14_latest_skincare_research_2025_2026/index.html
1726,1726 nm sebum-selective acne laser,device,acne,follicle,48,18,4,5,79,70,low,Emerging,Clinician-selected moderate-to-severe acne,Promising recent data are not proof of home-device equivalence,14_latest_skincare_research_2025_2026/index.html
microcoring,Microcoring,procedure,laxity,dermis,36,14,3,4,72,60,low,Emerging,Early minimally invasive laxity research,Small and procedure-specific evidence base,05_market_patent_intelligence/index.html
whole-body-pbm,Whole-body PBM,device,recovery|systemic,systemic,31,20,5,7,58,50,mixed,Emerging,Exploratory recovery and systemic research,Surface dose is not absorbed deep-tissue dose,04_red_light_therapy_handheld/index.html
topical-delivery,Enhanced topical delivery / nanoformulations,ingredient,acne|photoaging,barrier,30,19,6,5,55,43,low,Emerging,Formulation and delivery research,Translational promise is not retail clinical proof,14_latest_skincare_research_2025_2026/index.html
