record_id,pmid,doi,pmcid,year,title,journal,authors,open_access,full_text_available,source_query,europe_pmc_url
27271600,27271600,10.3390/ijms17060868,PMC4926402,2016,Role of Matrix Metalloproteinases in Photoaging and Photocarcinogenesis.,,"Pittayapruek P, Meephansan J, Prapapan O, Komine M, Ohtsuki M.",Y,,photoaging,https://europepmc.org/article/MED/27271600
17643966,17643966,10.1016/j.jdermsci.2007.05.018,,2007,Wound healing effect of adipose-derived stem cells: a critical role of secretory factors on human dermal fibroblasts.,,"Kim WS, Park BS, Sung JH, Yang JM, Park SB, Kwak SJ, Park JS.",N,,photoaging,https://europepmc.org/article/MED/17643966
25653189,25653189,10.1016/j.arr.2015.01.001,,2015,Oxidation events and skin aging.,,"Kammeyer A, Luiten RM.",N,,photoaging,https://europepmc.org/article/MED/25653189
19675548,19675548,10.1038/jidsymp.2009.8,PMC2909639,2009,Matrix-degrading metalloproteinases in photoaging.,,"Quan T, Qin Z, Xia W, Shao Y, Voorhees JJ, Fisher GJ.",N,,photoaging,https://europepmc.org/article/MED/19675548
30235459,30235459,10.1159/000491755,,2018,Antioxidant Properties of Ferulic Acid and Its Possible Application.,,"Zduńska K, Dana A, Kolodziejczak A, Rotsztejn H.",N,,photoaging,https://europepmc.org/article/MED/30235459
32028245,32028245,10.1016/j.watres.2020.115564,,2020,Long-term phototransformation of microplastics under simulated sunlight irradiation in aquatic environments: Roles of reactive oxygen species.,,"Zhu K, Jia H, Sun Y, Dai Y, Zhang C, Guo X, Wang T, Zhu L.",N,,photoaging,https://europepmc.org/article/MED/32028245
23783059,23783059,10.1097/prs.0b013e31829fe1b0,,2013,Nanofat grafting: basic research and clinical applications.,,"Tonnard P, Verpaele A, Peeters G, Hamdi M, Cornelissen M, Declercq H.",N,,photoaging,https://europepmc.org/article/MED/23783059
25561721,25561721,10.1101/cshperspect.a015370,PMC4292080,2015,Natural and sun-induced aging of human skin.,,"Rittié L, Fisher GJ.",N,,photoaging,https://europepmc.org/article/MED/25561721
31246433,31246433,10.1021/acs.est.9b01474,,2019,Formation of Environmentally Persistent Free Radicals on Microplastics under Light Irradiation.,,"Zhu K, Jia H, Zhao S, Xia T, Guo X, Wang T, Zhu L.",N,,photoaging,https://europepmc.org/article/MED/31246433
16781287,16781287,10.1016/j.jaad.2005.05.010,,2006,Photoaging: mechanisms and repair.,,"Rabe JH, Mamelak AJ, McElgunn PJ, Morison WL, Sauder DN.",N,,photoaging,https://europepmc.org/article/MED/16781287
33238152,33238152,10.1016/j.devcel.2020.11.002,,2021,A Single-Cell Transcriptomic Atlas of Human Skin Aging.,,"Zou Z, Long X, Zhao Q, Zheng Y, Song M, Ma S, Jing Y, Wang S, He Y, Esteban CR, Yu N, Huang J, Chan P, Chen T, Izpisua Belmonte JC, Zhang W, Qu J, Liu GH.",N,,photoaging,https://europepmc.org/article/MED/33238152
18046911,18046911,10.2147/ciia.2006.1.4.327,PMC2699641,2006,Retinoids in the treatment of skin aging: an overview of clinical efficacy and safety.,,"Mukherjee S, Date A, Patravale V, Korting HC, Roeder A, Weindl G.",Y,,photoaging,https://europepmc.org/article/MED/18046911
19338976,19338976,10.1016/j.asj.2005.09.012,,2006,The anatomy of the aging face: volume loss and changes in 3-dimensional topography.,,"Coleman SR, Grover R.",N,,photoaging,https://europepmc.org/article/MED/19338976
18423256,18423256,10.1016/j.jaad.2008.01.003,,2008,"The spectrum of laser skin resurfacing: nonablative, fractional, and ablative laser resurfacing.",,"Alexiades-Armenakas MR, Dover JS, Arndt KA.",N,,photoaging,https://europepmc.org/article/MED/18423256
30287361,30287361,10.1016/j.ijbiomac.2018.09.188,,2018,"Hyaluronic acid, a promising skin rejuvenating biomedicine: A review of recent updates and pre-clinical and clinical investigations on cosmetic and nutricosmetic effects.",,"Bukhari SNA, Roswandi NL, Waqas M, Habib H, Hussain F, Khan S, Sohail M, Ramli NA, Thu HE, Hussain Z.",N,,photoaging,https://europepmc.org/article/MED/30287361
28109890,28109890,10.1016/j.freeradbiomed.2017.01.029,,2017,Sunlight damage to cellular DNA: Focus on oxidatively generated lesions.,,"Schuch AP, Moreno NC, Schuch NJ, Menck CFM, Garcia CCM.",N,,photoaging,https://europepmc.org/article/MED/28109890
22318388,22318388,10.1038/jid.2011.476,,2012,Irradiation of skin with visible light induces reactive oxygen species and matrix-degrading enzymes.,,"Liebel F, Kaur S, Ruvolo E, Kollias N, Southall MD.",N,,photoaging,https://europepmc.org/article/MED/22318388
26783703,26783703,10.3390/antiox4020248,PMC4665475,2015,"Mechanisms of Photoaging and Cutaneous Photocarcinogenesis, and Photoprotective Strategies with Phytochemicals.",,"Bosch R, Philips N, Suárez-Pérez JA, Juarranz A, Devmurari A, Chalensouk-Khaosaat J, González S.",Y,,photoaging,https://europepmc.org/article/MED/26783703
28441605,28441605,10.1016/j.jphotobiol.2017.04.014,PMC5505738,2017,Biological effects and medical applications of infrared radiation.,,"Tsai SR, Hamblin MR.",N,,photoaging,https://europepmc.org/article/MED/28441605
30813433,30813433,10.3390/nu11020474,PMC6412948,2019,"A Review of the Role of Green Tea (<i>Camellia sinensis</i>) in Antiphotoaging, Stress Resistance, Neuroprotection, and Autophagy.",,"Prasanth MI, Sivamaruthi BS, Chaiyasut C, Tencomnao T.",Y,,photoaging,https://europepmc.org/article/MED/30813433
35748903,35748903,10.1007/s00011-022-01598-8,PMC9307547,2022,Photoaging: UV radiation-induced inflammation and immunosuppression accelerate the aging process in the skin.,,"Salminen A, Kaarniranta K, Kauppinen A.",Y,,photoaging,https://europepmc.org/article/MED/35748903
25234829,25234829,10.1111/exd.12388,,2014,"New insights in photoaging, UVA induced damage and skin types.",,"Battie C, Jitsukawa S, Bernerd F, Del Bino S, Marionnet C, Verschoore M.",N,,photoaging,https://europepmc.org/article/MED/25234829
22580543,22580543,10.1007/s00266-012-9904-3,PMC3404279,2012,Changes in the facial skeleton with aging: implications and clinical applications in facial rejuvenation.,,"Mendelson B, Wong CH.",Y,,photoaging,https://europepmc.org/article/MED/22580543
16936899,16936899,10.5507/bp.2006.003,,2006,Ultraviolet light induced alteration to the skin.,,"Svobodova A, Walterova D, Vostalova J.",N,,photoaging,https://europepmc.org/article/MED/16936899
31449388,31449388,10.1021/acsnano.9b04384,PMC7032013,2019,Needle-Free Injection of Exosomes Derived from Human Dermal Fibroblast Spheroids Ameliorates Skin Photoaging.,,"Hu S, Li Z, Cores J, Huang K, Su T, Dinh PU, Cheng K.",N,,photoaging,https://europepmc.org/article/MED/31449388
27148370,27148370,10.1155/2016/7370642,PMC4842382,2016,Ultraviolet Radiation-Induced Skin Aging: The Role of DNA Damage and Oxidative Stress in Epidermal Stem Cell Damage Mediated Skin Aging.,,"Panich U, Sittithumcharee G, Rathviboon N, Jirawatnotai S.",Y,,photoaging,https://europepmc.org/article/MED/27148370
18492142,18492142,10.1111/j.1467-2494.2006.00302.x,,2006,Ethnic skin types: are there differences in skin structure and function?,,Rawlings AV.,N,,photoaging,https://europepmc.org/article/MED/18492142
16532440,16532440,10.1002/lsm.20310,,2006,Fractional photothermolysis: current and future applications.,,Geronemus RG.,N,,photoaging,https://europepmc.org/article/MED/16532440
31864431,31864431,10.1016/j.jid.2019.11.003,,2020,Research Techniques Made Simple: Cutaneous Colorimetry: A Reliable Technique for Objective Skin Color Measurement.,,"Ly BCK, Dyer EB, Feig JL, Chien AL, Del Bino S.",N,,photoaging,https://europepmc.org/article/MED/31864431
24485530,24485530,10.1016/j.jaad.2013.11.038,,2014,Skin cancer and photoprotection in people of color: a review and recommendations for physicians and the public.,,"Agbai ON, Buster K, Sanchez M, Hernandez C, Kundu RV, Chiu M, Roberts WE, Draelos ZD, Bhushan R, Taylor SC, Lim HW.",N,,photoaging,https://europepmc.org/article/MED/24485530
18404866,18404866,,,2008,The role of elastin and collagen in cutaneous aging: intrinsic aging versus photoexposure.,,Uitto J.,N,,photoaging,https://europepmc.org/article/MED/18404866
30271665,30271665,10.14336/ad.2017.1121,PMC6147582,2018,Glycation Damage: A Possible Hub for Major Pathophysiological Disorders and Aging.,,"Fournet M, Bonté F, Desmoulière A.",Y,,photoaging,https://europepmc.org/article/MED/30271665
23027968,23027968,10.1073/pnas.1206851109,PMC3479513,2012,Solar UV radiation reduces the barrier function of human skin.,,"Biniek K, Levi K, Dauskardt RH.",N,,photoaging,https://europepmc.org/article/MED/23027968
18449026,18449026,10.1097/prs.0b013e31816de8d0,,2008,"Advances in facial rejuvenation: botulinum toxin type a, hyaluronic acid dermal fillers, and combination therapies--consensus recommendations.",,"Carruthers JDA, Glogau RG, Blitzer A, Facial Aesthetics Consensus Group Faculty.",N,,photoaging,https://europepmc.org/article/MED/18449026
22148008,22148008,10.5021/ad.2011.23.4.424,PMC3229934,2011,Can Platelet-rich Plasma Be Used for Skin Rejuvenation? Evaluation of Effects of Platelet-rich Plasma on Human Dermal Fibroblast.,,"Kim DH, Je YJ, Kim CD, Lee YH, Seo YJ, Lee JH, Lee Y.",Y,,photoaging,https://europepmc.org/article/MED/22148008
21915077,21915077,10.1097/prs.0b013e3182362b96,,2012,Aging changes of the midfacial fat compartments: a computed tomographic study.,,"Gierloff M, Stöhring C, Buder T, Gassling V, Açil Y, Wiltfang J.",N,,photoaging,https://europepmc.org/article/MED/21915077
28093316,28093316,10.1016/j.exger.2017.01.009,,2017,Molecular mechanisms of UVB-induced senescence of dermal fibroblasts and its relevance for photoaging of the human skin.,,"Cavinato M, Jansen-Dürr P.",N,,photoaging,https://europepmc.org/article/MED/28093316
28549948,28549948,10.1016/j.jconrel.2017.05.029,,2017,Microneedles in the clinic.,,"Bhatnagar S, Dave K, Venuganti VVK.",N,,photoaging,https://europepmc.org/article/MED/28549948
29890746,29890746,10.3390/ijms19061715,PMC6032439,2018,Exosomes Derived from Human Induced Pluripotent Stem Cells Ameliorate the Aging of Skin Fibroblasts.,,"Oh M, Lee J, Kim YJ, Rhee WJ, Park JH.",Y,,photoaging,https://europepmc.org/article/MED/29890746
34082382,34082382,10.1016/j.redox.2021.102022,PMC8182111,2021,Protease-activated receptor 2 induces ROS-mediated inflammation through Akt-mediated NF-κB and FoxO6 modulation during skin photoaging.,,"Bang E, Kim DH, Chung HY.",Y,,photoaging,https://europepmc.org/article/MED/34082382
31761958,31761958,10.1007/s11357-019-00113-y,PMC6925069,2019,"Topical rapamycin reduces markers of senescence and aging in human skin: an exploratory, prospective, randomized trial.",,"Chung CL, Lawrence I, Hoffman M, Elgindi D, Nadhan K, Potnis M, Jin A, Sershon C, Binnebose R, Lorenzini A, Sell C.",Y,,photoaging,https://europepmc.org/article/MED/31761958
33655657,33655657,10.1111/jocd.14033,PMC8597149,2021,The impact of ultraviolet radiation on skin photoaging - review of in vitro studies.,,"Gromkowska-Kępka KJ, Puścion-Jakubik A, Markiewicz-Żukowska R, Socha K.",Y,,photoaging,https://europepmc.org/article/MED/33655657
29981751,29981751,10.1016/j.jaad.2018.06.033,,2019,Review of environmental effects of oxybenzone and other sunscreen active ingredients.,,"Schneider SL, Lim HW.",N,,photoaging,https://europepmc.org/article/MED/29981751
32113941,32113941,10.1016/j.ejca.2020.01.007,,2020,"European interdisciplinary guideline on invasive squamous cell carcinoma of the skin: Part 1. epidemiology, diagnostics and prevention.",,"Stratigos AJ, Garbe C, Dessinioti C, Lebbe C, Bataille V, Bastholt L, Dreno B, Fargnoli MC, Forsea AM, Frenard C, Harwood CΑ, Hauschild A, Hoeller C, Kandolf-Sekulovic L, Kaufmann R, Kelleners-Smeets NW, Malvehy J, Del Marmol V, Middleton MR, Moreno-Ramirez D, Pellecani G, Peris K, Saiag P, van den Beuken-van Everdingen MHJ, Vieira R, Zalaudek I, Eggermont AMM, Grob JJ, European Dermatology Forum (EDF), the European Association of Dermato-Oncology (EADO) and the European Organization for Research and Treatment of Cancer (EORTC).",N,,photoaging,https://europepmc.org/article/MED/32113941
24406591,24406591,10.1097/01.scs.0000436746.21031.ba,,2014,Adipose-derived stromal vascular fraction cells and platelet-rich plasma: basic and clinical evaluation for cell-based therapies in patients with scars on the face.,,"Gentile P, De Angelis B, Pasin M, Cervelli G, Curcio CB, Floris M, Di Pasquali C, Bocchini I, Balzani A, Nicoli F, Insalaco C, Tati E, Lucarini L, Palla L, Pascali M, De Logu P, Di Segni C, Bottini DJ, Cervelli V.",N,,photoaging,https://europepmc.org/article/MED/24406591
20166155,20166155,10.1002/lsm.20877,,2010,Intense pulsed light (IPL): a review.,,"Babilas P, Schreml S, Szeimies RM, Landthaler M.",N,,photoaging,https://europepmc.org/article/MED/20166155
17250543,17250543,10.1111/j.1600-0749.2006.00358.x,,2007,Regulation of human skin pigmentation and responses to ultraviolet radiation.,,"Miyamura Y, Coelho SG, Wolber R, Miller SA, Wakamatsu K, Zmudzka BZ, Ito S, Smuda C, Passeron T, Choi W, Batzer J, Yamaguchi Y, Beer JZ, Hearing VJ.",N,,photoaging,https://europepmc.org/article/MED/17250543
23820721,23820721,10.1038/skinbio.2013.176,,2013,Photoaging.,,Gilchrest BA.,N,,photoaging,https://europepmc.org/article/MED/23820721
24159392,24159392,10.1155/2013/930164,PMC3789494,2013,Skin photoaging and the role of antioxidants in its prevention.,,"Pandel R, Poljšak B, Godic A, Dahmane R.",Y,,photoaging,https://europepmc.org/article/MED/24159392
18349665,18349665,10.1097/01.prs.0000304612.72899.02,,2008,"Percutaneous collagen induction therapy: an alternative treatment for scars, wrinkles, and skin laxity.",,"Aust MC, Fernandes D, Kolokythas P, Kaplan HM, Vogt PM.",N,,photoaging,https://europepmc.org/article/MED/18349665
33673711,33673711,10.3390/ijms22052410,PMC7957487,2021,Applications of Mesenchymal Stem Cells in Skin Regeneration and Rejuvenation.,,"Jo H, Brito S, Kwak BM, Park S, Lee MG, Bin BH.",Y,,photoaging,https://europepmc.org/article/MED/33673711
29285880,29285880,10.1111/pcmr.12684,,2018,"Melasma, a photoaging disorder.",,"Passeron T, Picardo M.",N,,photoaging,https://europepmc.org/article/MED/29285880
16881964,16881964,10.1111/j.1600-0625.2006.00466.x,,2006,Botanical antioxidants in the prevention of photocarcinogenesis and photoaging.,,"Afaq F, Mukhtar H.",N,,photoaging,https://europepmc.org/article/MED/16881964
30321638,30321638,10.1016/j.ijbiomac.2018.10.049,,2019,Modified hyaluronic acid based materials for biomedical applications.,,"Tiwari S, Bahadur P.",N,,photoaging,https://europepmc.org/article/MED/30321638
28038885,28038885,10.1016/j.jaad.2016.09.038,,2017,Ultraviolet radiation and the skin: Photobiology and sunscreen photoprotection.,,"Young AR, Claveau J, Rossi AB.",N,,photoaging,https://europepmc.org/article/MED/28038885
34387824,34387824,10.1007/s40257-021-00632-5,PMC8361399,2021,Sunscreens and Photoaging: A Review of Current Literature.,,"Guan LL, Lim HW, Mohammad TF.",Y,,photoaging,https://europepmc.org/article/MED/34387824
30174780,30174780,10.1155/2018/1454936,PMC6098906,2018,Antioxidants from Plants Protect against Skin Photoaging.,,"Petruk G, Del Giudice R, Rigano MM, Monti DM.",Y,,photoaging,https://europepmc.org/article/MED/30174780
27378089,27378089,10.1016/j.jdermsci.2016.05.016,,2016,Glycosaminoglycan and proteoglycan in skin aging.,,"Lee DH, Oh JH, Chung JH.",N,,photoaging,https://europepmc.org/article/MED/27378089
25351668,25351668,10.1111/phpp.12145,,2015,Mechanisms and treatments of photoaging.,,"Poon F, Kang S, Chien AL.",N,,photoaging,https://europepmc.org/article/MED/25351668
35339969,35339969,10.1016/j.watres.2022.118320,,2022,ROS-mediated photoaging pathways of nano- and micro-plastic particles under UV irradiation.,,"Duan J, Li Y, Gao J, Cao R, Shang E, Zhang W.",N,,photoaging,https://europepmc.org/article/MED/35339969
18649702,18649702,,,2008,Overview of skin aging and photoaging.,,"Helfrich YR, Sachs DL, Voorhees JJ.",N,,photoaging,https://europepmc.org/article/MED/18649702
21907230,21907230,10.1016/j.pbiomolbio.2011.08.010,PMC3409870,2011,Childhood exposure to ultraviolet radiation and harmful skin effects: epidemiological evidence.,,"Green AC, Wallingford SC, McBride P.",N,,photoaging,https://europepmc.org/article/MED/21907230
28919421,28919421,10.1016/j.bbrc.2017.09.056,,2017,Exosomes derived from human umbilical cord blood mesenchymal stem cells stimulates rejuvenation of human skin.,,"Kim YJ, Yoo SM, Park HH, Lim HJ, Kim YL, Lee S, Seo KW, Kang KS.",N,,photoaging,https://europepmc.org/article/MED/28919421
27559496,27559496,10.4103/2229-5178.185468,PMC4976400,2016,Microneedling: Advances and widening horizons.,,"Singh A, Yadav S.",Y,,photoaging,https://europepmc.org/article/MED/27559496
21292345,21292345,10.1016/j.jaad.2010.01.005,,2011,Sunscreens: an overview and update.,,"Sambandan DR, Ratner D.",N,,photoaging,https://europepmc.org/article/MED/21292345
33349436,33349436,10.1016/j.jid.2020.09.031,,2021,Cellular Senescence and the Senescence-Associated Secretory Phenotype as Drivers of Skin Photoaging.,,"Fitsiou E, Pulido T, Campisi J, Alimirah F, Demaria M.",N,,photoaging,https://europepmc.org/article/MED/33349436
25811565,25811565,10.1097/prs.0000000000001123,,2015,Antiaging treatment of the facial skin by fat graft and adipose-derived stem cells.,,"Charles-de-Sá L, Gontijo-de-Amorim NF, Maeda Takiya C, Borojevic R, Benati D, Bernardi P, Sbarbati A, Rigotti G.",N,,photoaging,https://europepmc.org/article/MED/25811565
22611357,22611357,10.3390/md10030604,PMC3347018,2012,Fucoxantin: a treasure from the sea.,,"D'Orazio N, Gemello E, Gammone MA, De Girolamo M, Ficoneri C, Riccioni G.",Y,,photoaging,https://europepmc.org/article/MED/22611357
17518354,17518354,10.1002/lsm.20512,,2007,The prevalence and risk factors of post-inflammatory hyperpigmentation after fractional resurfacing in Asians.,,"Chan HH, Manstein D, Yu CS, Shek S, Kono T, Wei WI.",N,,photoaging,https://europepmc.org/article/MED/17518354
24101874,24101874,10.2147/ccid.s44686,PMC3790843,2013,Effect of the sun on visible clinical signs of aging in Caucasian skin.,,"Flament F, Bazin R, Laquieze S, Rubert V, Simonpietri E, Piot B.",Y,,photoaging,https://europepmc.org/article/MED/24101874
19896749,19896749,10.1016/j.jaad.2009.09.033,PMC2815347,2010,Chronic phototoxicity and aggressive squamous cell carcinoma of the skin in children and adults during treatment with voriconazole.,,"Cowen EW, Nguyen JC, Miller DD, McShane D, Arron ST, Prose NS, Turner ML, Fox LP.",N,,photoaging,https://europepmc.org/article/MED/19896749
17083487,17083487,10.1111/j.1600-0749.2006.00338.x,,2006,Relationship between skin response to ultraviolet exposure and skin color type.,,"Del Bino S, Sok J, Bessac E, Bernerd F.",N,,photoaging,https://europepmc.org/article/MED/17083487
30444533,30444533,10.1111/phpp.12439,,2019,A review of inorganic UV filters zinc oxide and titanium dioxide.,,"Schneider SL, Lim HW.",N,,photoaging,https://europepmc.org/article/MED/30444533
28702744,28702744,10.1007/s10522-017-9715-7,PMC5514221,2017,Plant extracts and natural compounds used against UVB-induced photoaging.,,"Cavinato M, Waltenberger B, Baraldo G, Grade CVC, Stuppner H, Jansen-Dürr P.",Y,,photoaging,https://europepmc.org/article/MED/28702744
24771971,24771971,10.5978/islsm.14-re-01,PMC3999431,2014,The Role of the CO2 Laser and Fractional CO2 Laser in Dermatology.,,"Omi T, Numano K.",N,,photoaging,https://europepmc.org/article/MED/24771971
18940542,18940542,10.1016/j.clindermatol.2007.09.010,,2008,The latest on skin photoprotection.,,"González S, Fernández-Lorente M, Gilaberte-Calzada Y.",N,,photoaging,https://europepmc.org/article/MED/18940542
34924312,34924312,10.1016/j.cytogfr.2021.11.003,,2022,Applications of the regenerative capacity of platelets in modern medicine.,,"Cecerska-Heryć E, Goszka M, Serwin N, Roszak M, Grygorcewicz B, Heryć R, Dołęgowska B.",N,,photoaging,https://europepmc.org/article/MED/34924312
33764577,33764577,10.1111/jdv.17242,PMC8252523,2021,Photoprotection according to skin phototype and dermatoses: practical recommendations from an expert panel.,,"Passeron T, Lim HW, Goh CL, Kang HY, Ly F, Morita A, Ocampo Candiani J, Puig S, Schalka S, Wei L, Dréno B, Krutmann J.",Y,,photoaging,https://europepmc.org/article/MED/33764577
38428192,38428192,10.1016/j.envint.2024.108535,,2024,Current insights and future perspectives of ultraviolet radiation (UV) exposure: Friends and foes to the skin and beyond the skin.,,"Tang X, Yang T, Yu D, Xiong H, Zhang S.",N,,photoaging,https://europepmc.org/article/MED/38428192
17224484,17224484,10.1001/archfaci.9.1.22,,2007,Selective creation of thermal injury zones in the superficial musculoaponeurotic system using intense ultrasound therapy: a new target for noninvasive facial rejuvenation.,,"White WM, Makin IR, Barthe PG, Slayton MH, Gliklich RE.",N,,photoaging,https://europepmc.org/article/MED/17224484
28524092,28524092,10.3390/md15050143,PMC5450549,2017,Marine Fish Proteins and Peptides for Cosmeceuticals: A Review.,,"Venkatesan J, Anil S, Kim SK, Shim MS.",Y,,photoaging,https://europepmc.org/article/MED/28524092
19686366,19686366,10.1111/j.1524-4725.2009.01258.x,,2009,Review of fractional photothermolysis: treatment indications and efficacy.,,"Tierney EP, Kouba DJ, Hanke CW.",N,,photoaging,https://europepmc.org/article/MED/19686366
18459971,18459971,10.1111/j.1600-0625.2008.00747.x,,2008,UV-induced DNA damage initiates release of MMP-1 in human skin.,,"Dong KK, Damaghi N, Picart SD, Markova NG, Obayashi K, Okano Y, Masaki H, Grether-Beck S, Krutmann J, Smiles KA, Yarosh DB.",N,,photoaging,https://europepmc.org/article/MED/18459971
32797756,32797756,10.1021/acs.est.0c02608,,2020,Microplastics Reduce Lipid Digestion in Simulated Human Gastrointestinal System.,,"Tan H, Yue T, Xu Y, Zhao J, Xing B.",N,,photoaging,https://europepmc.org/article/MED/32797756
22312244,22312244,10.3390/ijms13010142,PMC3269678,2012,Protein kinases and transcription factors activation in response to UV-radiation of skin: implications for carcinogenesis.,,"López-Camarillo C, Ocampo EA, Casamichana ML, Pérez-Plasencia C, Alvarez-Sánchez E, Marchat LA.",Y,,photoaging,https://europepmc.org/article/MED/22312244
23973754,23973754,10.1016/j.ijpharm.2013.08.019,,2013,"Nano-lipoidal carriers of tretinoin with enhanced percutaneous absorption, photostability, biocompatibility and anti-psoriatic activity.",,"Raza K, Singh B, Lohan S, Sharma G, Negi P, Yachha Y, Katare OP.",N,,photoaging,https://europepmc.org/article/MED/23973754
19675552,19675552,10.1038/jidsymp.2009.1,,2009,Role of mitochondria in photoaging of human skin: the defective powerhouse model.,,"Krutmann J, Schroeder P.",N,,photoaging,https://europepmc.org/article/MED/19675552
25582033,25582033,10.1111/jocd.12123,,2015,Natural products as photoprotection.,,"Saewan N, Jimtaisong A.",N,,photoaging,https://europepmc.org/article/MED/25582033
28796657,28796657,10.1097/dss.0000000000001248,,2018,Microneedling: A Review and Practical Guide.,,"Alster TS, Graham PM.",N,,photoaging,https://europepmc.org/article/MED/28796657
27213821,27213821,10.1002/ptr.5640,,2016,Effects of Turmeric (Curcuma longa) on Skin Health: A Systematic Review of the Clinical Evidence.,,"Vaughn AR, Branum A, Sivamani RK.",N,,photoaging,https://europepmc.org/article/MED/27213821
21421326,21421326,10.1016/j.jphotobiol.2011.02.018,,2011,Effects of blue light irradiation on human dermal fibroblasts.,,"Opländer C, Hidding S, Werners FB, Born M, Pallua N, Suschek CV.",N,,photoaging,https://europepmc.org/article/MED/21421326
19483584,19483584,10.1097/prs.0b013e3181a3f361,,2009,A systematic review of patient-reported outcome measures after facial cosmetic surgery and/or nonsurgical facial rejuvenation.,,"Kosowski TR, McCarthy C, Reavey PL, Scott AM, Wilkins EG, Cano SJ, Klassen AF, Carr N, Cordeiro PG, Pusic AL.",N,,photoaging,https://europepmc.org/article/MED/19483584
21315951,21315951,10.1016/j.jaad.2010.06.045,PMC6541915,2011,Radiofrequency facial rejuvenation: evidence-based effect.,,"el-Domyati M, el-Ammawi TS, Medhat W, Moawad O, Brennan D, Mahoney MG, Uitto J.",N,,photoaging,https://europepmc.org/article/MED/21315951
17982124,17982124,10.2353/ajpath.2007.070136,PMC2043507,2007,Chronic ultraviolet B irradiation causes loss of hyaluronic acid from mouse dermis because of down-regulation of hyaluronic acid synthases.,,"Dai G, Freudenberger T, Zipper P, Melchior A, Grether-Beck S, Rabausch B, de Groot J, Twarock S, Hanenberg H, Homey B, Krutmann J, Reifenberger J, Fischer JW.",N,,photoaging,https://europepmc.org/article/MED/17982124
18090342,18090342,10.1097/01.prs.0000248794.63898.0f,,2007,The role of hyaluronic acid fillers (Restylane) in facial cosmetic surgery: review and technical considerations.,,"Rohrich RJ, Ghavami A, Crosby MA.",N,,photoaging,https://europepmc.org/article/MED/18090342
24124905,24124905,10.1089/ars.2013.5653,,2014,Damage to skin extracellular matrix induced by UV exposure.,,"Watson RE, Gibbs NK, Griffiths CE, Sherratt MJ.",N,,photoaging,https://europepmc.org/article/MED/24124905
30921116,30921116,10.1097/prs.0000000000005429,PMC7597953,2019,Rheologic and Physicochemical Properties Used to Differentiate Injectable Hyaluronic Acid Filler Products.,,"Fagien S, Bertucci V, von Grote E, Mashburn JH.",Y,,photoaging,https://europepmc.org/article/MED/30921116
28647616,28647616,10.1016/j.pdpdt.2017.06.010,PMC5600676,2017,Photodynamic therapy in dermatology beyond non-melanoma cancer: An update.,,"Wen X, Li Y, Hamblin MR.",N,,photoaging,https://europepmc.org/article/MED/28647616
31009668,31009668,10.1016/j.jaad.2019.04.037,,2019,Platelet-rich plasma and its utility in medical dermatology: A systematic review.,,"Hesseler MJ, Shyam N.",N,,photoaging,https://europepmc.org/article/MED/31009668
29737899,29737899,10.1080/14764172.2018.1469767,,2019,Resveratrol as an active ingredient for cosmetic and dermatological applications: a review.,,"Ratz-Łyko A, Arct J.",N,,photoaging,https://europepmc.org/article/MED/29737899
25640693,25640693,10.1111/jdv.12966,,2015,European S1 guideline for the treatment of hidradenitis suppurativa/acne inversa.,,"Zouboulis CC, Desai N, Emtestam L, Hunger RE, Ioannides D, Juhász I, Lapins J, Matusiak L, Prens EP, Revuz J, Schneider-Burrus S, Szepietowski JC, van der Zee HH, Jemec GB.",N,,acne_devices,https://europepmc.org/article/MED/25640693
24049929,24049929,,PMC4126803,2013,"Low-level laser (light) therapy (LLLT) in skin: stimulating, healing, restoring.",,"Avci P, Gupta A, Sadasivam M, Vecchio D, Pam Z, Pam N, Hamblin MR.",N,,acne_devices,https://europepmc.org/article/MED/24049929
29894579,29894579,10.1111/jdv.15043,,2018,Cutibacterium acnes (Propionibacterium acnes) and acne vulgaris: a brief look at the latest updates.,,"Dréno B, Pécastaings S, Corvec S, Veraldi S, Khammari A, Roques C.",N,,acne_devices,https://europepmc.org/article/MED/29894579
31650125,31650125,10.1016/s2589-7500(19)30012-3,PMC6798263,2019,A chronological map of 308 physical and mental health conditions from 4 million individuals in the English National Health Service.,,"Kuan V, Denaxas S, Gonzalez-Izquierdo A, Direk K, Bhatti O, Husain S, Sutaria S, Hingorani M, Nitsch D, Parisinos CA, Lumbers RT, Mathur R, Sofat R, Casas JP, Wong ICK, Hemingway H, Hingorani AD.",Y,,acne_devices,https://europepmc.org/article/MED/31650125
27189134,27189134,10.1016/j.jconrel.2016.05.034,,2016,3D scanning and 3D printing as innovative technologies for fabricating personalized topical drug delivery systems.,,"Goyanes A, Det-Amornrat U, Wang J, Basit AW, Gaisford S.",N,,acne_devices,https://europepmc.org/article/MED/27189134
22150668,22150668,10.1111/j.2042-7158.2011.01369.x,,2012,Microneedles: an emerging transdermal drug delivery system.,,"Bariya SH, Gohel MC, Mehta TA, Sharma OP.",N,,acne_devices,https://europepmc.org/article/MED/22150668
20981308,20981308,10.1155/2010/893080,PMC2958495,2010,"Acne scars: pathogenesis, classification and treatment.",,"Fabbrocini G, Annunziata MC, D'Arco V, De Vita V, Lodi G, Mauriello MC, Pastore F, Monfrecola G.",Y,,acne_devices,https://europepmc.org/article/MED/20981308
17338686,17338686,10.1111/j.1524-4725.2007.33059.x,,2007,The use of fractional laser photothermolysis for the treatment of atrophic scars.,,"Alster TS, Tanzi EL, Lazarus M.",N,,acne_devices,https://europepmc.org/article/MED/17338686
27336945,27336945,10.1097/dss.0000000000000800,,2016,Photodynamic Therapy: A Clinical Consensus Guide.,,"Ozog DM, Rkein AM, Fabi SG, Gold MH, Goldman MP, Lowe NJ, Martin GM, Munavalli GS.",N,,acne_devices,https://europepmc.org/article/MED/27336945
18649382,18649382,10.1002/lsm.20659,,2008,Successful treatment of acneiform scarring with CO2 ablative fractional resurfacing.,,"Chapas AM, Brightman L, Sukal S, Hale E, Daniel D, Bernstein LJ, Geronemus RG.",N,,acne_devices,https://europepmc.org/article/MED/18649382
28063650,28063650,10.1016/j.jid.2016.10.033,PMC5468751,2017,Performing Skin Microbiome Research: A Method to the Madness.,,"Kong HH, Andersson B, Clavel T, Common JE, Jackson SA, Olson ND, Segre JA, Traidl-Hoffmann C.",N,,acne_devices,https://europepmc.org/article/MED/28063650
26470623,26470623,10.1016/j.jaad.2015.07.045,,2015,Pathophysiology of hidradenitis suppurativa: An update.,,"Prens E, Deckers I.",N,,acne_devices,https://europepmc.org/article/MED/26470623
33073298,33073298,10.2340/00015555-3666,PMC9309822,2020,"Combination Treatment with Human Adipose Tissue Stem Cell-derived Exosomes and Fractional CO2 Laser for Acne Scars: A 12-week Prospective, Double-blind, Randomized, Split-face Study.",,"Kwon HH, Yang SH, Lee J, Park BC, Park KY, Jung JY, Bae Y, Park GH.",Y,,acne_devices,https://europepmc.org/article/MED/33073298
27959277,27959277,10.1016/j.mehy.2016.09.024,,2016,Endothelial dysfunction may play a key role in keloid and hypertrophic scar pathogenesis - Keloids and hypertrophic scars may be vascular disorders.,,"Ogawa R, Akaishi S.",N,,acne_devices,https://europepmc.org/article/MED/27959277
17707566,17707566,10.1016/j.pnpbp.2007.07.001,PMC2704911,2008,The neurobiology of retinoic acid in affective disorders.,,"Bremner JD, McCaffery P.",N,,acne_devices,https://europepmc.org/article/MED/17707566
20633798,20633798,10.1016/j.jaad.2009.08.051,,2010,Efficacy and safety of a carbon-dioxide ablative fractional resurfacing device for treatment of atrophic acne scars in Asians.,,"Manuskiatti W, Triwongwaranat D, Varothai S, Eimpunth S, Wanitphakdeedecha R.",N,,acne_devices,https://europepmc.org/article/MED/20633798
33471046,33471046,10.1093/asj/sjab025,,2021,Photobiomodulation: The Clinical Applications of Low-Level Light Therapy.,,Glass GE.,N,,acne_devices,https://europepmc.org/article/MED/33471046
24155530,24155530,10.5978/islsm.20.205,PMC3799034,2011,Is light-emitting diode phototherapy (LED-LLLT) really effective?,,"Kim WS, Calderhead RG.",N,,acne_devices,https://europepmc.org/article/MED/24155530
19354330,19354330,10.2165/00128071-200910030-00002,,2009,The Asian dermatologic patient: review of common pigmentary disorders and cutaneous diseases.,,"Ho SG, Chan HH.",N,,acne_devices,https://europepmc.org/article/MED/19354330
27522005,27522005,10.1016/j.biopha.2016.07.058,,2016,The potential of photodynamic therapy (PDT)-Experimental investigations and clinical use.,,"Oniszczuk A, Wojtunik-Kulesza KA, Oniszczuk T, Kasprzak K.",N,,acne_devices,https://europepmc.org/article/MED/27522005
23904818,23904818,10.1055/s-0032-1329413,PMC3580982,2012,Current Laser Resurfacing Technologies: A Review that Delves Beneath the Surface.,,"Preissig J, Hamilton K, Markus R.",N,,acne_devices,https://europepmc.org/article/MED/23904818
17870527,17870527,10.1016/j.clindermatol.2007.05.005,,2007,Nonablative cutaneous remodeling using radiofrequency devices.,,"Alster TS, Lupton JR.",N,,acne_devices,https://europepmc.org/article/MED/17870527
25409158,25409158,10.1001/jamadermatol.2014.3045,,2015,Use of a picosecond pulse duration laser with specialized optic for treatment of facial acne scarring.,,"Brauer JA, Kazlouskaya V, Alabdulrazzaq H, Bae YS, Bernstein LJ, Anolik R, Heller PA, Geronemus RG.",N,,acne_devices,https://europepmc.org/article/MED/25409158
31613567,31613567,,,2019,Acne Vulgaris: Diagnosis and Treatment.,,"Oge' LK, Broussard A, Marshall MD.",N,,acne_devices,https://europepmc.org/article/MED/31613567
21635618,21635618,10.1111/j.1524-4725.2011.01999.x,,2011,The efficacy of autologous platelet rich plasma combined with ablative carbon dioxide fractional resurfacing for acne scars: a simultaneous split-face trial.,,"Lee JW, Kim BJ, Kim MN, Mun SK.",N,,acne_devices,https://europepmc.org/article/MED/21635618
22913399,22913399,10.1111/j.1524-4725.2012.02547.x,,2012,Radiofrequency in cosmetic dermatology: a review.,,"Lolis MS, Goldberg DJ.",N,,acne_devices,https://europepmc.org/article/MED/22913399
19787413,19787413,10.1007/s10103-009-0734-8,,2010,Fractional photothermolysis--an update.,,"Bogdan Allemann I, Kaufman J.",N,,acne_devices,https://europepmc.org/article/MED/19787413
21198520,21198520,10.1111/j.1440-0960.2010.00657.x,,2010,Adverse effects of isotretinoin: A retrospective review of 1743 patients started on isotretinoin.,,Rademaker M.,N,,acne_devices,https://europepmc.org/article/MED/21198520
20808602,20808602,10.4103/0974-2077.58529,PMC2918341,2009,Microneedling with dermaroller.,,Doddaballapur S.,Y,,acne_devices,https://europepmc.org/article/MED/20808602
29056570,29056570,10.1016/s2213-2600(17)30378-8,,2017,"Activity and safety of AZD3759 in EGFR-mutant non-small-cell lung cancer with CNS metastases (BLOOM): a phase 1, open-label, dose-escalation and dose-expansion study.",,"Ahn MJ, Kim DW, Cho BC, Kim SW, Lee JS, Ahn JS, Kim TM, Lin CC, Kim HR, John T, Kao S, Goldman JW, Su WC, Natale R, Rabbie S, Harrop B, Overend P, Yang Z, Yang JC.",N,,acne_devices,https://europepmc.org/article/MED/29056570
22296284,22296284,10.1111/j.1365-2133.2012.10870.x,,2012,Fractional laser resurfacing for acne scars: a review.,,"Ong MW, Bashir SJ.",N,,acne_devices,https://europepmc.org/article/MED/22296284
17111415,17111415,10.1002/lsm.20412,,2007,Blue and red light combination LED phototherapy for acne vulgaris in patients with skin phototype IV.,,"Lee SY, You CE, Park MY.",N,,acne_devices,https://europepmc.org/article/MED/17111415
27755171,27755171,10.1097/dss.0000000000000924,,2017,Microneedling: A Comprehensive Review.,,"Hou A, Cohen B, Haimovic A, Elbuluk N.",N,,acne_devices,https://europepmc.org/article/MED/27755171
26748836,26748836,10.1111/jocd.12207,,2016,Combined autologous platelet-rich plasma with microneedling verses microneedling with distilled water in the treatment of atrophic acne scars: a concurrent split-face study.,,"Asif M, Kanodia S, Singh K.",N,,acne_devices,https://europepmc.org/article/MED/26748836
16427502,16427502,10.1016/j.clindermatol.2005.10.027,,2006,Laser-mediated photodynamic therapy.,,Alexiades-Armenakas M.,N,,acne_devices,https://europepmc.org/article/MED/16427502
24354616,24354616,10.1111/dsu.12392,,2014,Autologous platelet rich plasma: topical versus intradermal after fractional ablative carbon dioxide laser treatment of atrophic acne scars.,,"Gawdat HI, Hegazy RA, Fawzy MM, Fathy M.",N,,acne_devices,https://europepmc.org/article/MED/24354616
19388012,19388012,10.1002/jcp.21784,PMC4386731,2009,Retinoid-responsive transcriptional changes in epidermal keratinocytes.,,"Lee DD, Stojadinovic O, Krzyzanowska A, Vouthounis C, Blumenberg M, Tomic-Canic M.",N,,acne_devices,https://europepmc.org/article/MED/19388012
27252086,27252086,10.1002/lsm.22540,,2016,The histology of skin treated with a picosecond alexandrite laser and a fractional lens array.,,Tanghetti EA.,N,,acne_devices,https://europepmc.org/article/MED/27252086
23278295,23278295,10.1111/bjd.12186,,2013,"The clinical and histological effect of home-use, combination blue-red LED phototherapy for mild-to-moderate acne vulgaris in Korean patients: a double-blind, randomized controlled trial.",,"Kwon HH, Lee JB, Yoon JY, Park SY, Ryu HH, Park BM, Kim YJ, Suh DH.",N,,acne_devices,https://europepmc.org/article/MED/23278295
34959366,34959366,10.3390/pharmaceutics13122085,PMC8707899,2021,The Development of Third-Generation Tetracycline Antibiotics and New Perspectives.,,"Rusu A, Buta EL.",Y,,acne_devices,https://europepmc.org/article/MED/34959366
19891690,19891690,10.1111/j.1529-8019.2009.01265.x,,2009,Fractional CO2 laser: a novel therapeutic device upon photobiomodulation of tissue remodeling and cytokine pathway of tissue repair.,,"Prignano F, Campolmi P, Bonan P, Ricceri F, Cannarozzo G, Troiano M, Lotti T.",N,,acne_devices,https://europepmc.org/article/MED/19891690
28658462,28658462,10.1001/jamadermatol.2017.2077,,2017,Isotretinoin and Timing of Procedural Interventions: A Systematic Review With Consensus Recommendations.,,"Spring LK, Krakowski AC, Alam M, Bhatia A, Brauer J, Cohen J, Del Rosso JQ, Diaz L, Dover J, Eichenfield LF, Gurtner GC, Hanke CW, Jahnke MN, Kelly KM, Khetarpal S, Kinney MA, Levy ML, Leyden J, Longaker MT, Munavalli GS, Ozog DM, Prather H, Shumaker PR, Tanzi E, Torres A, Velez MW, Waldman AB, Yan AC, Zaenglein AL.",N,,acne_devices,https://europepmc.org/article/MED/28658462
22151943,22151943,10.1111/j.1473-2165.2011.00583.x,,2011,Combination of microneedling and glycolic acid peels for the treatment of acne scars in dark skin.,,Sharad J.,N,,acne_devices,https://europepmc.org/article/MED/22151943
28690124,28690124,10.1016/j.bjps.2017.06.006,,2018,Microneedling: Where do we stand now? A systematic review of the literature.,,"Ramaut L, Hoeksema H, Pirayesh A, Stillaert F, Monstrey S.",N,,acne_devices,https://europepmc.org/article/MED/28690124
16958807,16958807,10.1111/j.1346-8138.2006.00143.x,,2006,Clinical trial of a laser device called fractional photothermolysis system for acne scars.,,"Hasegawa T, Matsukura T, Mizuno Y, Suga Y, Ogawa H, Ikeda S.",N,,acne_devices,https://europepmc.org/article/MED/16958807
29744784,29744784,10.1007/s40257-018-0358-5,,2018,Acne Scarring Management: Systematic Review and Evaluation of the Evidence.,,"Bhargava S, Cunha PR, Lee J, Kroumpouzos G.",N,,acne_devices,https://europepmc.org/article/MED/29744784
25722599,25722599,10.4103/0974-2077.150742,PMC4338464,2014,Split Face Comparative Study of Microneedling with PRP Versus Microneedling with Vitamin C in Treating Atrophic Post Acne Scars.,,Chawla S.,Y,,acne_devices,https://europepmc.org/article/MED/25722599
24527373,24527373,10.1016/j.jccw.2012.11.001,PMC3921236,2012,Skin cell proliferation stimulated by microneedles.,,"Liebl H, Kloth LC.",N,,acne_devices,https://europepmc.org/article/MED/24527373
27672412,27672412,,PMC5023004,2016,"Adverse Effects and Safety of 5-alpha Reductase Inhibitors (Finasteride, Dutasteride): A Systematic Review.",,"Hirshburg JM, Kelsey PA, Therrien CA, Gavino AC, Reichenberg JS.",N,,acne_devices,https://europepmc.org/article/MED/27672412
27788052,27788052,10.1210/jc.2016-2141,,2016,Efficacy and Safety of an Injectable Combination Hormonal Contraceptive for Men.,,"Behre HM, Zitzmann M, Anderson RA, Handelsman DJ, Lestari SW, McLachlan RI, Meriggiola MC, Misro MM, Noe G, Wu FC, Festin MP, Habib NA, Vogelsong KM, Callahan MM, Linton KA, Colvard DS.",N,,acne_devices,https://europepmc.org/article/MED/27788052
16487089,16487089,10.1111/j.1365-2230.2006.02061.x,,2006,Narrowband ultraviolet B (UVB) phototherapy in children.,,"Jury CS, McHenry P, Burden AD, Lever R, Bilsland D.",N,,acne_devices,https://europepmc.org/article/MED/16487089
20028443,20028443,10.1111/j.1468-3083.2009.03551.x,,2010,Non-ablative 1550-nm erbium-glass and ablative 10 600-nm carbon dioxide fractional lasers for acne scars: a randomized split-face study with blinded response evaluation.,,"Cho SB, Lee SJ, Cho S, Oh SH, Chung WS, Kang JM, Kim YK, Kim DH.",N,,acne_devices,https://europepmc.org/article/MED/20028443
16766484,16766484,10.1080/14764170600735912,,2006,Combination blue (415 nm) and red (633 nm) LED phototherapy in the treatment of mild to severe acne vulgaris.,,"Goldberg DJ, Russell BA.",N,,acne_devices,https://europepmc.org/article/MED/16766484
26922302,26922302,10.1002/lsm.22454,,2016,"Treatment of pigmentary disorders in patients with skin of color with a novel 755 nm picosecond, Q-switched ruby, and Q-switched Nd:YAG nanosecond lasers: A retrospective photographic review.",,"Levin MK, Ng E, Bae YS, Brauer JA, Geronemus RG.",N,,acne_devices,https://europepmc.org/article/MED/26922302
24721547,24721547,10.1684/ejd.2014.2309,,2014,Antibiotic stewardship in dermatology: limiting antibiotic use in acne.,,"Dreno B, Thiboutot D, Gollnick H, Bettoli V, Kang S, Leyden JJ, Shalita A, Torres V, Global  Alliance to Improve Outcomes in Acne.",N,,acne_devices,https://europepmc.org/article/MED/24721547
20976801,20976801,10.1002/lsm.20974,,2010,Fractional ablative carbon dioxide laser resurfacing for skin rejuvenation and acne scars in Asians.,,"Chan NP, Ho SG, Yeung CK, Shek SY, Chan HH.",N,,acne_devices,https://europepmc.org/article/MED/20976801
30856634,30856634,10.1097/dss.0000000000001765,,2019,A Review and Update of Treatment Options Using the Acne Scar Classification System.,,"Boen M, Jacob C.",N,,acne_devices,https://europepmc.org/article/MED/30856634
30296534,30296534,10.1016/j.jaad.2018.09.055,PMC6333507,2019,"Approaches to limit systemic antibiotic use in acne: Systemic alternatives, emerging topical therapies, dietary modification, and laser and light-based treatments.",,"Barbieri JS, Spaccarelli N, Margolis DJ, James WD.",N,,acne_devices,https://europepmc.org/article/MED/30296534
25196684,25196684,10.1111/jocd.12095,,2014,Microneedling for acne scars in Asian skin type: an effective low cost treatment modality.,,"Dogra S, Yadav S, Sarangal R.",N,,acne_devices,https://europepmc.org/article/MED/25196684
22487513,22487513,10.1111/j.1524-4725.2012.02402.x,,2012,Evaluation of the clinical efficacy of fractional radiofrequency microneedle treatment in acne scars and large facial pores.,,"Cho SI, Chung BY, Choi MG, Baek JH, Cho HJ, Park CW, Lee CH, Kim HO.",N,,acne_devices,https://europepmc.org/article/MED/22487513
34135880,34135880,10.3389/fmicb.2021.673845,PMC8200545,2021,A Janus-Faced Bacterium: Host-Beneficial and -Detrimental Roles of <i>Cutibacterium acnes</i>.,,"Brüggemann H, Salar-Vidal L, Gollnick HPM, Lood R.",Y,,acne_devices,https://europepmc.org/article/MED/34135880
27127078,27127078,10.1194/jlr.m067942,PMC4878189,2016,Use of lipidomics to investigate sebum dysfunction in juvenile acne.,,"Camera E, Ludovici M, Tortorella S, Sinagra JL, Capitanio B, Goracci L, Picardo M.",N,,acne_devices,https://europepmc.org/article/MED/27127078
26549251,26549251,10.1016/j.jaad.2015.09.024,,2016,Microneedling in skin of color: A review of uses and efficacy.,,"Cohen BE, Elbuluk N.",N,,acne_devices,https://europepmc.org/article/MED/26549251
22766970,22766970,10.1002/lsm.22048,,2012,Fractional CO2 laser resurfacing for atrophic acne scars: a randomized controlled trial with blinded response evaluation.,,"Hedelund L, Haak CS, Togsverd-Bo K, Bogh MK, Bjerring P, Haedersdal M.",N,,acne_devices,https://europepmc.org/article/MED/22766970
18221341,18221341,10.1111/j.1468-3083.2007.02503.x,,2008,"Evidence-based review of lasers, light sources and photodynamic therapy in the treatment of acne vulgaris.",,"Haedersdal M, Togsverd-Bo K, Wulf HC.",N,,acne_devices,https://europepmc.org/article/MED/18221341
16935788,16935788,10.1007/978-1-4419-1298-5,,2006,Photodynamic therapy in dermatology.,,"Babilas P, Landthaler M, Szeimies RM.",N,,acne_devices,https://europepmc.org/article/MED/16935788
25136208,25136208,10.4103/0974-2077.138326,PMC4134658,2014,Fractional CO2 Laser Resurfacing as Monotherapy in the Treatment of Atrophic Facial Acne Scars.,,"Majid I, Imran S.",Y,,acne_devices,https://europepmc.org/article/MED/25136208
21366289,21366289,10.1021/ar1001395,,2011,Biosynthesis of aminovinyl-cysteine-containing peptides and its application in the production of potential drug candidates.,,"Sit CS, Yoganathan S, Vederas JC.",N,,acne_devices,https://europepmc.org/article/MED/21366289
18472060,18472060,10.1016/j.clindermatol.2007.09.006,,2008,Combating photoaging with percutaneous collagen induction.,,"Fernandes D, Signorini M.",N,,acne_devices,https://europepmc.org/article/MED/18472060
27128240,27128240,10.1097/dss.0000000000000746,,2016,Acne Scar Treatment: A Multimodality Approach Tailored to Scar Type.,,"Zaleski-Larsen LA, Fabi SG, McGraw T, Taylor M.",N,,acne_devices,https://europepmc.org/article/MED/27128240
19708872,19708872,10.1111/j.1524-4725.2009.01316.x,,2009,"The efficacy and safety of 10,600-nm carbon dioxide fractional laser for acne scars in Asian patients.",,"Cho SB, Lee SJ, Kang JM, Kim YK, Chung WS, Oh SH.",N,,acne_devices,https://europepmc.org/article/MED/19708872
25388823,25388823,10.1007/s40257-014-0099-z,,2014,Recent advances in acne pathogenesis: implications for therapy.,,"Das S, Reynolds RV.",N,,acne_devices,https://europepmc.org/article/MED/25388823
30029723,30029723,10.1016/bs.vh.2018.02.002,,2018,"Dehydroepiandrosterone Research: Past, Current, and Future.",,"Klinge CM, Clark BJ, Prough RA.",N,,acne_devices,https://europepmc.org/article/MED/30029723
25748556,25748556,10.1038/jid.2015.89,PMC4580730,2015,Acne Treatment Based on Selective Photothermolysis of Sebaceous Follicles with Topically Delivered Light-Absorbing Gold Microparticles.,,"Paithankar DY, Sakamoto FH, Farinelli WA, Kositratna G, Blomgren RD, Meyer TJ, Faupel LJ, Kauvar ANB, Lloyd JR, Cheung WL, Owczarek WD, Suwalska AM, Kochanska KB, Nawrocka AK, Paluchowska EB, Podolec KM, Pirowska MM, Wojas-Pelc AB, Anderson RR.",Y,,acne_devices,https://europepmc.org/article/MED/25748556
21788837,21788837,10.1097/prs.0b013e31821e6fb5,,2011,Treatment of hidradenitis suppurativa with intense pulsed light: a prospective study.,,"Highton L, Chan WY, Khwaja N, Laitung JKG.",N,,acne_devices,https://europepmc.org/article/MED/21788837
27387253,27387253,10.1016/j.bpobgyn.2016.05.003,,2016,Androgen excess: Investigations and management.,,"Lizneva D, Lizneva D, Gavrilova-Jordan L, Walker W, Azziz R.",N,,acne_devices,https://europepmc.org/article/MED/27387253
19226575,19226575,10.1002/lsm.20725,,2009,Evaluation of a novel fractional resurfacing device for treatment of acne scarring.,,"Walgrave SE, Ortiz AE, MacFalls HT, Elkeeb L, Truitt AK, Tournas JA, Zelickson BD, Zachary CB.",N,,acne_devices,https://europepmc.org/article/MED/19226575
33577211,33577211,10.1097/dss.0000000000002972,,2021,Radiofrequency Microneedling: A Comprehensive and Critical Review.,,"Tan MG, Jo CE, Chapas A, Khetarpal S, Dover JS.",N,,acne_devices,https://europepmc.org/article/MED/33577211
31584784,31584784,,,2019,Platelet-Rich Plasma (PRP): Current Applications in Dermatology,,Emer J.,N,,acne_devices,https://europepmc.org/article/MED/31584784
16965424,16965424,10.1111/j.1365-2133.2006.07429.x,,2006,Investigation of the mechanism of action of nonablative pulsed-dye laser therapy in photorejuvenation and inflammatory acne vulgaris.,,"Seaton ED, Mouser PE, Charakida A, Alam S, Seldon PM, Chu AC.",N,,acne_devices,https://europepmc.org/article/MED/16965424
33376377,33376377,10.2147/ccid.s267192,PMC7764156,2020,Microneedling for the Treatment of Scars: An Update for Clinicians.,,"Juhasz MLW, Cohen JL.",Y,,acne_devices,https://europepmc.org/article/MED/33376377
30674002,30674002,10.1007/s40257-019-00423-z,,2019,Topical Retinoids in Acne Vulgaris: A Systematic Review.,,"Kolli SS, Pecone D, Pona A, Cline A, Feldman SR.",N,,acne_devices,https://europepmc.org/article/MED/30674002
23189188,23189188,10.1371/journal.pone.0050205,PMC3506607,2012,Exome analysis identified a novel mutation in the RBP4 gene in a consanguineous pedigree with retinal dystrophy and developmental abnormalities.,,"Cukras C, Gaasterland T, Lee P, Gudiseva HV, Chavali VR, Pullakhandam R, Maranhao B, Edsall L, Soares S, Reddy GB, Sieving PA, Ayyagari R.",Y,,acne_devices,https://europepmc.org/article/MED/23189188
23062156,23062156,,,2012,Diagnosis and treatment of acne.,,"Titus S, Hodge J.",N,,acne_devices,https://europepmc.org/article/MED/23062156
20944910,20944910,10.1590/s0365-05962010000400011,,2010,Photodynamic therapy: a review of the literature and image documentation.,,"Issa MC, Manela-Azulay M.",N,,acne_devices,https://europepmc.org/article/MED/20944910
34719045,34719045,10.1002/lsm.23484,,2022,Energy-based devices for the treatment of Acne Scars: 2022 International consensus recommendations.,,"Salameh F, Shumaker PR, Goodman GJ, Spring LK, Seago M, Alam M, Al-Niaimi F, Cassuto D, Chan HH, Dierickx C, Donelan M, Gauglitz GG, Haedersdal M, Krakowski AC, Manuskiatti W, Norbury WB, Ogawa R, Ozog DM, Paasch U, Victor Ross E, Clementoni MT, Waibel J, Bayat A, Goo BL, Artzi O.",N,,acne_devices,https://europepmc.org/article/MED/34719045
26577703,26577703,10.3109/03639045.2015.1104343,,2016,"A synergistic approach of adapalene-loaded nanostructured lipid carriers, and vitamin C co-administration for treating acne.",,"Jain A, Garg NK, Jain A, Kesharwani P, Jain AK, Nirbhavane P, Tyagi RK.",N,,acne_devices,https://europepmc.org/article/MED/26577703
26470619,26470619,10.1016/j.jaad.2015.07.043,,2015,New and traditional surgical approaches to hidradenitis suppurativa.,,"Danby FW, Hazen PG, Boer J.",N,,acne_devices,https://europepmc.org/article/MED/26470619
25136209,25136209,10.4103/0974-2077.138328,PMC4134659,2014,Evaluation of microneedling fractional radiofrequency device for treatment of acne scars.,,"Chandrashekar BS, Sriram R, Mysore R, Bhaskar S, Shetty A.",Y,,acne_devices,https://europepmc.org/article/MED/25136209
29304516,29304516,10.1055/s-0037-1606096,,2018,Ablative Fractional CO2 Laser for Facial Atrophic Acne Scars.,,"Xu Y, Deng Y.",N,,acne_devices,https://europepmc.org/article/MED/29304516
23426477,23426477,10.1001/2013.jamadermatol.717,,2013,Identification of a homozygous PSTPIP1 mutation in a patient with a PAPA-like syndrome responding to canakinumab treatment.,,"Geusau A, Mothes-Luksch N, Nahavandi H, Pickl WF, Wise CA, Pourpak Z, Ponweiser E, Eckhart L, Sunder-Plassmann R.",N,,acne_devices,https://europepmc.org/article/MED/23426477
19239470,19239470,10.1111/j.1365-2133.2009.09047.x,,2009,Laser and other light therapies for the treatment of acne vulgaris: systematic review.,,"Hamilton FL, Car J, Lyons C, Car M, Layton A, Majeed A.",N,,acne_devices,https://europepmc.org/article/MED/19239470
26735291,26735291,10.3109/14764172.2015.1114638,,2016,The efficacy of conditioned media of adipose-derived stem cells combined with ablative carbon dioxide fractional resurfacing for atrophic acne scars and skin rejuvenation.,,"Zhou BR, Zhang T, Bin Jameel AA, Xu Y, Xu Y, Guo SL, Wang Y, Permatasari F, Luo D.",N,,acne_devices,https://europepmc.org/article/MED/26735291
19582213,19582213,10.3390/ijms10062440,PMC2705500,2009,An updated review of tyrosinase inhibitors.,,Chang TS.,Y,,pigment,https://europepmc.org/article/MED/19582213
22542780,22542780,10.1016/j.mam.2012.04.005,PMC3392421,2012,Understanding age-related macular degeneration (AMD): relationships between the photoreceptor/retinal pigment epithelium/Bruch's membrane/choriocapillaris complex.,,"Bhutto I, Lutty G.",N,,pigment,https://europepmc.org/article/MED/22542780
19345328,19345328,10.1016/j.ccr.2009.02.022,,2009,Oncogenic Braf induces melanocyte senescence and melanoma in mice.,,"Dhomen N, Reis-Filho JS, da Rocha Dias S, Hayward R, Savage K, Delmas V, Larue L, Pritchard C, Marais R.",N,,pigment,https://europepmc.org/article/MED/19345328
17350573,17350573,10.1016/j.cell.2006.12.045,,2007,Central role of p53 in the suntan response and pathologic hyperpigmentation.,,"Cui R, Widlund HR, Feige E, Lin JY, Wilensky DL, Igras VE, D'Orazio J, Fung CY, Schanbacher CF, Granter SR, Fisher DE.",N,,pigment,https://europepmc.org/article/MED/17350573
23210645,23210645,10.1111/bjd.12149,,2013,Epidemiology of acne vulgaris.,,"Bhate K, Williams HC.",N,,pigment,https://europepmc.org/article/MED/23210645
18725614,18725614,10.1503/cmaj.080493,PMC2518177,2008,Identifying unprovoked thromboembolism patients at low risk for recurrence who can discontinue anticoagulant therapy.,,"Rodger MA, Kahn SR, Wells PS, Anderson DA, Chagnon I, Le Gal G, Solymoss S, Crowther M, Perrier A, White R, Vickars L, Ramsay T, Betancourt MT, Kovacs MJ.",N,,pigment,https://europepmc.org/article/MED/18725614
17018421,17018421,10.1080/10934520600873571,,2006,Human health effects from chronic arsenic poisoning--a review.,,"Kapaj S, Peterson H, Liber K, Bhattacharya P.",N,,pigment,https://europepmc.org/article/MED/17018421
19679647,19679647,10.1101/gad.543509,PMC2751970,2009,Increased telomere fragility and fusions resulting from TRF1 deficiency lead to degenerative pathologies and increased cancer in mice.,,"Martínez P, Thanasoula M, Muñoz P, Liao C, Tejera A, McNees C, Flores JM, Fernández-Capetillo O, Tarsounas M, Blasco MA.",N,,pigment,https://europepmc.org/article/MED/19679647
33137293,33137293,10.1016/s2213-8587(20)30364-8,,2020,"Efficacy and safety of setmelanotide, an MC4R agonist, in individuals with severe obesity due to LEPR or POMC deficiency: single-arm, open-label, multicentre, phase 3 trials.",,"Clément K, van den Akker E, Argente J, Bahm A, Chung WK, Connors H, De Waele K, Farooqi IS, Gonneau-Lejeune J, Gordon G, Kohlsdorf K, Poitou C, Puder L, Swain J, Stewart M, Yuan G, Wabitsch M, Kühnen P, Setmelanotide POMC and LEPR Phase 3 Trial Investigators.",N,,pigment,https://europepmc.org/article/MED/33137293
16877429,16877429,10.1167/iovs.06-0122,,2006,Near-infrared autofluorescence imaging of the fundus: visualization of ocular melanin.,,"Keilhauer CN, Delori FC.",N,,pigment,https://europepmc.org/article/MED/16877429
24314839,24314839,10.1016/j.ophtha.2013.10.019,PMC3943618,2014,Risk of scar in the comparison of age-related macular degeneration treatments trials.,,"Daniel E, Toth CA, Grunwald JE, Jaffe GJ, Martin DF, Fine SL, Huang J, Ying GS, Hagstrom SA, Winter K, Maguire MG, Comparison of Age-related Macular Degeneration Treatments Trials Research Group.",N,,pigment,https://europepmc.org/article/MED/24314839
17097400,17097400,10.1016/j.jaad.2006.02.009,,2006,The treatment of melasma: a review of clinical trials.,,"Gupta AK, Gover MD, Nouri K, Taylor S.",N,,pigment,https://europepmc.org/article/MED/17097400
33484633,33484633,10.1016/s0140-6736(21)00136-7,,2021,Adrenal insufficiency.,,"Husebye ES, Pearce SH, Krone NP, Kämpe O.",N,,pigment,https://europepmc.org/article/MED/33484633
30374901,30374901,10.1007/s40257-018-0384-3,PMC6244569,2018,"Toxic Side Effects of Targeted Therapies and Immunotherapies Affecting the Skin, Oral Mucosa, Hair, and Nails.",,"Lacouture M, Sibaud V.",Y,,pigment,https://europepmc.org/article/MED/30374901
17040211,17040211,10.1111/j.1742-7843.2006.pto_429.x,,2006,Comparison of early and late toxic effects of sulfur mustard in Iranian veterans.,,"Balali-Mood M, Hefazi M.",N,,pigment,https://europepmc.org/article/MED/17040211
29884405,29884405,10.1016/j.ophtha.2018.04.037,PMC6195794,2018,Transplantation of Human Embryonic Stem Cell-Derived Retinal Pigment Epithelial Cells in Macular Degeneration.,,"Mehat MS, Sundaram V, Ripamonti C, Robson AG, Smith AJ, Borooah S, Robinson M, Rosenthal AN, Innes W, Weleber RG, Lee RWJ, Crossland M, Rubin GS, Dhillon B, Steel DHW, Anglade E, Lanza RP, Ali RR, Michaelides M, Bainbridge JWB.",Y,,pigment,https://europepmc.org/article/MED/29884405
28842328,28842328,10.1016/j.jid.2017.07.833,,2018,Melanocytes Sense Blue Light and Regulate Pigmentation through Opsin-3.,,"Regazzetti C, Sormani L, Debayle D, Bernerd F, Tulic MK, De Donatis GM, Chignon-Sicard B, Rocchi S, Passeron T.",N,,pigment,https://europepmc.org/article/MED/28842328
21265866,21265866,10.1111/j.1468-2494.2010.00616.x,,2011,The melanogenesis and mechanisms of skin-lightening agents--existing and new approaches.,,"Gillbro JM, Olsson MJ.",N,,pigment,https://europepmc.org/article/MED/21265866
20622869,20622869,10.1038/ncb2081,PMC3792482,2010,Mammalian Rap1 controls telomere function and gene expression through binding to telomeric and extratelomeric sites.,,"Martinez P, Thanasoula M, Carlos AR, Gómez-López G, Tejera AM, Schoeftner S, Dominguez O, Pisano DG, Tarsounas M, Blasco MA.",N,,pigment,https://europepmc.org/article/MED/20622869
30537675,30537675,10.1016/j.biopha.2018.12.006,,2019,Kojic acid applications in cosmetic and pharmaceutical preparations.,,"Saeedi M, Eslamifar M, Khezri K.",N,,pigment,https://europepmc.org/article/MED/30537675
26247543,26247543,10.1001/jamaoncol.2015.2666,PMC4635441,2015,Acute and Short-term Toxic Effects of Conventionally Fractionated vs Hypofractionated Whole-Breast Irradiation: A Randomized Clinical Trial.,,"Shaitelman SF, Schlembach PJ, Arzu I, Ballo M, Bloom ES, Buchholz D, Chronowski GM, Dvorak T, Grade E, Hoffman KE, Kelly P, Ludwig M, Perkins GH, Reed V, Shah S, Stauder MC, Strom EA, Tereffe W, Woodward WA, Ensor J, Baumann D, Thompson AM, Amaya D, Davis T, Guerra W, Hamblin L, Hortobagyi G, Hunt KK, Buchholz TA, Smith BD.",N,,pigment,https://europepmc.org/article/MED/26247543
20398960,20398960,10.1016/j.jaad.2009.10.051,,2011,Reliability assessment and validation of the Melasma Area and Severity Index (MASI) and a new modified MASI scoring method.,,"Pandya AG, Hynan LS, Bhore R, Riley FC, Guevara IL, Grimes P, Nordlund JJ, Rendon M, Taylor S, Gottschalk RW, Agim NG, Ortonne JP.",N,,pigment,https://europepmc.org/article/MED/20398960
25184917,25184917,10.1590/abd1806-4841.20143063,PMC4155956,2014,Melasma: a clinical and epidemiological review.,,"Handel AC, Miot LD, Miot HA.",Y,,pigment,https://europepmc.org/article/MED/25184917
18045355,18045355,10.1111/j.1529-8019.2007.00144.x,,2007,Skin lightening preparations and the hydroquinone controversy.,,Draelos ZD.,N,,pigment,https://europepmc.org/article/MED/18045355
34312881,34312881,10.1111/ics.12728,,2021,Oxidative stress in the skin: Impact and related protection.,,"Chen J, Liu Y, Zhao Z, Qiu J.",N,,pigment,https://europepmc.org/article/MED/34312881
29763564,29763564,10.1021/acs.jmedchem.7b00967,,2018,Inhibitors of Melanogenesis: An Updated Review.,,"Pillaiyar T, Namasivayam V, Manickam M, Jung SH.",N,,pigment,https://europepmc.org/article/MED/29763564
17363223,17363223,10.1016/j.jdermsci.2007.01.009,,2007,The vascular characteristics of melasma.,,"Kim EH, Kim YC, Lee ES, Kang HY.",N,,pigment,https://europepmc.org/article/MED/17363223
28208818,28208818,10.3390/molecules22020281,PMC6155946,2017,"Hydroxycinnamic Acids and Their Derivatives: Cosmeceutical Significance, Challenges and Future Perspectives, a Review.",,"Taofiq O, González-Paramás AM, Barreiro MF, Ferreira IC.",Y,,pigment,https://europepmc.org/article/MED/28208818
34812859,34812859,10.1001/jama.2021.17633,,2021,Management of Acne Vulgaris: A Review.,,"Eichenfield DZ, Sprague J, Eichenfield LF.",N,,pigment,https://europepmc.org/article/MED/34812859
16465624,16465624,10.1086/500850,PMC1380294,2006,Loss-of-function mutations in the keratin 5 gene lead to Dowling-Degos disease.,,"Betz RC, Planko L, Eigelshoven S, Hanneken S, Pasternack SM, Bussow H, Van Den Bogaert K, Wenzel J, Braun-Falco M, Rutten A, Rogers MA, Ruzicka T, Nöthen MM, Magin TM, Kruse R.",N,,pigment,https://europepmc.org/article/MED/16465624
17981333,17981333,10.1016/j.ophtha.2007.08.030,,2008,Retinal precursors and the development of geographic atrophy in age-related macular degeneration.,,"Klein ML, Ferris FL, Armstrong J, Hwang TS, Chew EY, Bressler SB, Chandra SR, AREDS Research Group.",N,,pigment,https://europepmc.org/article/MED/17981333
16807664,16807664,10.1007/s11373-006-9092-8,,2006,Arsenic carcinogenesis in the skin.,,"Yu HS, Liao WT, Chai CY.",N,,pigment,https://europepmc.org/article/MED/16807664
28726212,28726212,10.1007/s13555-017-0194-1,PMC5574745,2017,Melasma: an Up-to-Date Comprehensive Review.,,"Ogbechie-Godec OA, Elbuluk N.",Y,,pigment,https://europepmc.org/article/MED/28726212
20725554,20725554,,PMC2921758,2010,"Postinflammatory hyperpigmentation: a review of the epidemiology, clinical features, and treatment options in skin of color.",,"Davis EC, Callender VD.",N,,pigment,https://europepmc.org/article/MED/20725554
25155575,25155575,10.1111/php.12335,PMC4299862,2015,"MC1R, eumelanin and pheomelanin: their role in determining the susceptibility to skin cancer.",,"Nasti TH, Timares L.",N,,pigment,https://europepmc.org/article/MED/25155575
20140240,20140240,10.1371/journal.pgen.1000833,PMC2816679,2010,"Mutations in SLC29A3, encoding an equilibrative nucleoside transporter ENT3, cause a familial histiocytosis syndrome (Faisalabad histiocytosis) and familial Rosai-Dorfman disease.",,"Morgan NV, Morris MR, Cangul H, Gleeson D, Straatman-Iwanowska A, Davies N, Keenan S, Pasha S, Rahman F, Gentle D, Vreeswijk MP, Devilee P, Knowles MA, Ceylaner S, Trembath RC, Dalence C, Kismet E, Köseoğlu V, Rossbach HC, Gissen P, Tannahill D, Maher ER.",Y,,pigment,https://europepmc.org/article/MED/20140240
17544598,17544598,10.1016/j.ijrobp.2007.02.044,,2007,Intensity-modulated radiotherapy results in significant decrease in clinical toxicities compared with conventional wedge-based breast radiotherapy.,,"Harsolia A, Kestin L, Grills I, Wallace M, Jolly S, Jones C, Lala M, Martinez A, Schell S, Vicini FA.",N,,pigment,https://europepmc.org/article/MED/17544598
28911859,28911859,10.1016/j.cellsig.2017.09.004,,2017,Recent development of signaling pathways inhibitors of melanogenesis.,,"Pillaiyar T, Manickam M, Jung SH.",N,,pigment,https://europepmc.org/article/MED/28911859
21920241,21920241,10.1016/j.jaad.2010.12.046,,2011,Melasma: a comprehensive update: part I.,,"Sheth VM, Pandya AG.",N,,pigment,https://europepmc.org/article/MED/21920241
18190541,18190541,10.1111/j.1524-4725.2007.34062.x,,2008,Side effects and complications of fractional laser photothermolysis: experience with 961 treatments.,,"Graber EM, Tanzi EL, Alster TS.",N,,pigment,https://europepmc.org/article/MED/18190541
31382682,31382682,10.3390/antiox8080275,PMC6720745,2019,<i>p</i>-Coumaric Acid as An Active Ingredient in Cosmetics: A Review Focusing on its Antimelanogenic Effects.,,Boo YC.,Y,,pigment,https://europepmc.org/article/MED/31382682
28314711,28314711,10.1136/bmj.j1065,PMC6287588,2017,Validating the HERDOO2 rule to guide treatment duration for women with unprovoked venous thrombosis: multinational prospective cohort management study.,,"Rodger MA, Le Gal G, Anderson DR, Schmidt J, Pernod G, Kahn SR, Righini M, Mismetti P, Kearon C, Meyer G, Elias A, Ramsay T, Ortel TL, Huisman MV, Kovacs MJ, REVERSE II Study Investigators.",Y,,pigment,https://europepmc.org/article/MED/28314711
25120566,25120566,10.1155/2014/709152,PMC4120804,2014,Zinc therapy in dermatology: a review.,,"Gupta M, Mahajan VK, Mehta KS, Chauhan PS.",Y,,pigment,https://europepmc.org/article/MED/25120566
18940313,18940313,10.1016/j.ajhg.2008.09.013,PMC2561939,2008,The H syndrome is caused by mutations in the nucleoside transporter hENT3.,,"Molho-Pessach V, Lerer I, Abeliovich D, Agha Z, Abu Libdeh A, Broshtilova V, Elpeleg O, Zlotogorski A.",N,,pigment,https://europepmc.org/article/MED/18940313
29427586,29427586,10.1016/j.jid.2018.01.019,,2018,Inhibition of Human Tyrosinase Requires Molecular Motifs Distinctively Different from Mushroom Tyrosinase.,,"Mann T, Gerwat W, Batzer J, Eggers K, Scherner C, Wenck H, Stäb F, Hearing VJ, Röhm KH, Kolbe L.",N,,pigment,https://europepmc.org/article/MED/29427586
32016458,32016458,10.3892/mmr.2020.10950,PMC7002987,2020,Roles of inflammation factors in melanogenesis (Review).,,"Fu C, Chen J, Lu J, Yi L, Tong X, Kang L, Pei S, Ouyang Y, Jiang L, Ding Y, Zhao X, Li S, Yang Y, Huang J, Zeng Q.",Y,,pigment,https://europepmc.org/article/MED/32016458
20298254,20298254,10.1111/j.1524-4725.2009.01383.x,,2010,"Low-fluence Q-switched neodymium-doped yttrium aluminum garnet (1,064 nm) laser for the treatment of facial melasma in Asians.",,"Wattanakrai P, Mornchan R, Eimpunth S.",N,,pigment,https://europepmc.org/article/MED/20298254
19486232,19486232,10.1111/j.1468-3083.2009.03295.x,,2009,A global survey of the role of ultraviolet radiation and hormonal influences in the development of melasma.,,"Ortonne JP, Arellano I, Berneburg M, Cestari T, Chan H, Grimes P, Hexsel D, Im S, Lim J, Lui H, Pandya A, Picardo M, Rendon M, Taylor S, Van Der Veen JP, Westerhof W.",N,,pigment,https://europepmc.org/article/MED/19486232
24789876,24789876,10.1101/cshperspect.a017046,PMC3996377,2014,Melanocytes and their diseases.,,"Yamaguchi Y, Hearing VJ.",N,,pigment,https://europepmc.org/article/MED/24789876
17907148,17907148,10.1002/art.22925,,2007,Cutaneous changes of nephrogenic systemic fibrosis: predictor of early mortality and association with gadolinium exposure.,,"Todd DJ, Kagan A, Chibnik LB, Kay J.",N,,pigment,https://europepmc.org/article/MED/17907148
20054473,20054473,10.3390/ijms10125326,PMC2801997,2009,The hunt for natural skin whitening agents.,,"Smit N, Vicanova J, Pavel S.",Y,,pigment,https://europepmc.org/article/MED/20054473
36356613,36356613,10.1016/s2213-8587(22)00277-7,PMC9847480,2022,"Efficacy and safety of setmelanotide, a melanocortin-4 receptor agonist, in patients with Bardet-Biedl syndrome and Alström syndrome: a multicentre, randomised, double-blind, placebo-controlled, phase 3 trial with an open-label period.",,"Haqq AM, Chung WK, Dollfus H, Haws RM, Martos-Moreno GÁ, Poitou C, Yanovski JA, Mittleman RS, Yuan G, Forsythe E, Clément K, Argente J.",N,,pigment,https://europepmc.org/article/MED/36356613
36317800,36317800,10.1152/ajpcell.00147.2022,PMC9744652,2022,Neuroendocrine signaling in the skin with a special focus on the epidermal neuropeptides.,,"Slominski AT, Slominski RM, Raman C, Chen JY, Athar M, Elmets C.",N,,pigment,https://europepmc.org/article/MED/36317800
23196890,23196890,10.1088/1478-3975/9/6/065002,PMC3528107,2012,"Resting potential, oncogene-induced tumorigenesis, and metastasis: the bioelectric basis of cancer in vivo.",,"Lobikin M, Chernet B, Lobo D, Levin M.",N,,pigment,https://europepmc.org/article/MED/23196890
22329442,22329442,10.1111/j.1468-3083.2012.04464.x,,2013,Effect of tranexamic acid on melasma: a clinical trial with histological evaluation.,,"Na JI, Choi SY, Yang SH, Choi HR, Kang HY, Park KC.",N,,pigment,https://europepmc.org/article/MED/22329442
22216010,22216010,10.1371/journal.pgen.1002412,PMC3245302,2011,A complex genomic rearrangement involving the endothelin 3 locus causes dermal hyperpigmentation in the chicken.,,"Dorshorst B, Molin AM, Rubin CJ, Johansson AM, Strömstedt L, Pham MH, Chen CF, Hallböök F, Ashwell C, Andersson L.",Y,,pigment,https://europepmc.org/article/MED/22216010
21348540,21348540,10.2165/11536930-000000000-00000,,2011,Postinflammatory hyperpigmentation: etiologic and therapeutic considerations.,,"Callender VD, St Surin-Lord S, Davis EC, Maclin M.",N,,pigment,https://europepmc.org/article/MED/21348540
16421922,16421922,10.1002/cncr.21681,,2006,Long-term cosmetic results and toxicity after accelerated partial-breast irradiation: a method of radiation delivery by interstitial brachytherapy for the treatment of early-stage breast carcinoma.,,"Chen PY, Vicini FA, Benitez P, Kestin LL, Wallace M, Mitchell C, Pettinga J, Martinez AA.",N,,pigment,https://europepmc.org/article/MED/16421922
16372351,16372351,10.1002/ajmg.a.31078,,2006,HRAS mutations in Costello syndrome: detection of constitutional activating mutations in codon 12 and 13 and loss of wild-type allele in malignancy.,,"Estep AL, Tidyman WE, Teitell MA, Cotter PD, Rauen KA.",N,,pigment,https://europepmc.org/article/MED/16372351
21920242,21920242,10.1016/j.jaad.2011.06.001,,2011,Melasma: a comprehensive update: part II.,,"Sheth VM, Pandya AG.",N,,pigment,https://europepmc.org/article/MED/21920242
18369335,18369335,10.1038/jidsymp.2008.8,,2008,The use of botanical extracts as topical skin-lightening agents for the improvement of skin pigmentation disorders.,,"Zhu W, Gao J.",N,,pigment,https://europepmc.org/article/MED/18369335
19178066,19178066,,,2009,Choosing topical corticosteroids.,,"Ference JD, Last AR.",N,,pigment,https://europepmc.org/article/MED/19178066
25624498,25624498,10.1073/pnas.1418163112,PMC4330752,2015,BRAF inhibitor resistance mediated by the AKT pathway in an oncogenic BRAF mouse melanoma model.,,"Perna D, Karreth FA, Rust AG, Perez-Mancera PA, Rashid M, Iorio F, Alifrangis C, Arends MJ, Bosenberg MW, Bollag G, Tuveson DA, Adams DJ.",N,,pigment,https://europepmc.org/article/MED/25624498
18644225,18644225,10.1163/156856208784909435,,2008,The human tri-peptide GHK and tissue remodeling.,,Pickart L.,N,,pigment,https://europepmc.org/article/MED/18644225
27693716,27693716,10.1016/j.drudis.2016.09.016,,2017,Downregulation of melanogenesis: drug discovery and therapeutic options.,,"Pillaiyar T, Manickam M, Jung SH.",N,,pigment,https://europepmc.org/article/MED/27693716
29801663,29801663,10.1016/j.ophtha.2018.04.026,,2018,Pigmentary Maculopathy Associated with Chronic Exposure to Pentosan Polysulfate Sodium.,,"Pearce WA, Chen R, Jain N.",N,,pigment,https://europepmc.org/article/MED/29801663
24888214,24888214,10.1111/pcmr.12273,,2014,Differences in visible light-induced pigmentation according to wavelengths: a clinical and histological study in comparison with UVB exposure.,,"Duteil L, Cardot-Leccia N, Queille-Roussel C, Maubert Y, Harmelin Y, Boukari F, Ambrosetti D, Lacour JP, Passeron T.",N,,pigment,https://europepmc.org/article/MED/24888214
23684010,23684010,10.1016/j.ajhg.2013.04.022,PMC3675235,2013,"Mutations in POFUT1, encoding protein O-fucosyltransferase 1, cause generalized Dowling-Degos disease.",,"Li M, Cheng R, Liang J, Yan H, Zhang H, Yang L, Li C, Jiao Q, Lu Z, He J, Ji J, Shen Z, Li C, Hao F, Yu H, Yao Z.",N,,pigment,https://europepmc.org/article/MED/23684010
19057677,19057677,10.1371/journal.pgen.1000298,PMC2585813,2008,Genome-wide siRNA-based functional genomics of pigmentation identifies novel genes and pathways that impact melanogenesis in human cells.,,"Ganesan AK, Ho H, Bodemann B, Petersen S, Aruri J, Koshy S, Richardson Z, Le LQ, Krasieva T, Roth MG, Farmer P, White MA.",Y,,pigment,https://europepmc.org/article/MED/19057677
24387993,24387993,10.1016/j.ajhg.2013.12.003,PMC3882728,2014,"Mutations in POGLUT1, encoding protein O-glucosyltransferase 1, cause autosomal-dominant Dowling-Degos disease.",,"Basmanav FB, Oprisoreanu AM, Pasternack SM, Thiele H, Fritz G, Wenzel J, Größer L, Wehner M, Wolf S, Fagerberg C, Bygum A, Altmüller J, Rütten A, Parmentier L, El Shabrawi-Caelen L, Hafner C, Nürnberg P, Kruse R, Schoch S, Hanneken S, Betz RC.",N,,pigment,https://europepmc.org/article/MED/24387993
26104938,26104938,10.1016/j.ijrobp.2015.03.007,PMC4481883,2015,"Preoperative Single-Fraction Partial Breast Radiation Therapy: A Novel Phase 1, Dose-Escalation Protocol With Radiation Response Biomarkers.",,"Horton JK, Blitzblau RC, Yoo S, Geradts J, Chang Z, Baker JA, Georgiade GS, Chen W, Siamakpour-Reihani S, Wang C, Broadwater G, Groth J, Palta M, Dewhirst M, Barry WT, Duffy EA, Chi JT, Hwang ES.",N,,pigment,https://europepmc.org/article/MED/26104938
29785318,29785318,10.1155/2018/3420204,PMC5892223,2018,Role of Nanotechnology in Cosmeceuticals: A Review of Recent Advances.,,"Kaul S, Gulati N, Verma D, Mukherjee S, Nagaich U.",Y,,pigment,https://europepmc.org/article/MED/29785318
19850202,19850202,10.1016/j.det.2009.08.006,,2009,Skin type classification systems old and new.,,Roberts WE.,N,,pigment,https://europepmc.org/article/MED/19850202
34439563,34439563,10.3390/antiox10081315,PMC8389214,2021,Mechanistic Basis and Clinical Evidence for the Applications of Nicotinamide (Niacinamide) to Control Skin Aging and Pigmentation.,,Boo YC.,Y,,pigment,https://europepmc.org/article/MED/34439563
28390737,28390737,10.1016/j.jaad.2017.02.049,,2017,Treatment of vitiligo with the topical Janus kinase inhibitor ruxolitinib.,,"Rothstein B, Joshipura D, Saraiya A, Abdat R, Ashkar H, Turkowski Y, Sheth V, Huang V, Au SC, Kachuk C, Dumont N, Gottlieb AB, Rosmarin D.",N,,pigment,https://europepmc.org/article/MED/28390737
19486041,19486041,10.1111/j.1365-2230.2009.03291.x,,2009,Acne scarring treatment using skin needling.,,"Fabbrocini G, Fardella N, Monfrecola A, Proietti I, Innocenzi D.",N,,pigment,https://europepmc.org/article/MED/19486041
26347269,26347269,10.2147/ccid.s84765,PMC4554394,2015,Salicylic acid as a peeling agent: a comprehensive review.,,Arif T.,Y,,pigment,https://europepmc.org/article/MED/26347269
25613357,25613357,10.1038/srep07995,PMC4303873,2015,"Discovery of highly potent tyrosinase inhibitor, T1, with significant anti-melanogenesis ability by zebrafish in vivo assay and computational molecular modeling.",,"Chen WC, Tseng TS, Hsiao NW, Lin YL, Wen ZH, Tsai CC, Lee YC, Lin HH, Tsai KC.",Y,,pigment,https://europepmc.org/article/MED/25613357
32335182,32335182,10.1016/j.jaad.2020.04.079,,2021,Photoprotection beyond ultraviolet radiation: A review of tinted sunscreens.,,"Lyons AB, Trullas C, Kohli I, Hamzavi IH, Lim HW.",N,,pigment,https://europepmc.org/article/MED/32335182
20493811,20493811,10.1016/j.devcel.2010.03.011,PMC3631760,2010,"TPP1 is required for TERT recruitment, telomere elongation during nuclear reprogramming, and normal skin development in mice.",,"Tejera AM, Stagno d'Alcontres M, Thanasoula M, Marion RM, Martinez P, Liao C, Flores JM, Tarsounas M, Blasco MA.",N,,pigment,https://europepmc.org/article/MED/20493811
37375394,37375394,10.3390/molecules28124839,PMC10304091,2023,"Skin Pigmentation Types, Causes and Treatment-A Review.",,"Thawabteh AM, Jibreen A, Karaman D, Thawabteh A, Karaman R.",Y,,pigment,https://europepmc.org/article/MED/37375394
20070834,20070834,10.1111/j.1600-0781.2009.00474.x,,2010,Clinical and histological effects of blue light on normal skin.,,"Kleinpenning MM, Smits T, Frunt MH, van Erp PE, van de Kerkhof PC, Gerritsen RM.",N,,pigment,https://europepmc.org/article/MED/20070834
32509007,32509007,10.3892/etm.2020.8687,PMC7271691,2020,Natural skin-whitening compounds for the treatment of melanogenesis (Review).,,"Qian W, Liu W, Zhu D, Cao Y, Tang A, Gong G, Su H.",Y,,pigment,https://europepmc.org/article/MED/32509007
25443629,25443629,10.1016/j.jaad.2014.08.023,,2015,Prevention of melasma relapses with sunscreen combining protection against UV and short wavelengths of visible light: a prospective randomized comparative trial.,,"Boukari F, Jourdan E, Fontas E, Montaudié H, Castela E, Lacour JP, Passeron T.",N,,pigment,https://europepmc.org/article/MED/25443629
23741676,23741676,10.4103/2229-5178.110593,PMC3673383,2013,Vitamin C in dermatology.,,Telang PS.,Y,,pigment,https://europepmc.org/article/MED/23741676
17122141,17122141,10.1167/iovs.05-1318,PMC2754766,2006,"Autofluorescence characteristics of early, atrophic, and high-risk fellow eyes in age-related macular degeneration.",,"Smith RT, Chan JK, Busuoic M, Sivagnanavel V, Bird AC, Chong NV.",N,,pigment,https://europepmc.org/article/MED/17122141
31802394,31802394,10.1007/s40257-019-00488-w,,2020,Melasma Treatment: An Evidence-Based Review.,,"McKesey J, Tovar-Garza A, Pandya AG.",N,,pigment,https://europepmc.org/article/MED/31802394
20572890,20572890,10.1111/j.1468-2494.2010.00574.x,,2010,A new wrinkle on old skin: the role of elastic fibres in skin ageing.,,"Langton AK, Sherratt MJ, Griffiths CE, Watson RE.",N,,pigment,https://europepmc.org/article/MED/20572890
21482716,21482716,10.1083/jcb.201009074,PMC3080267,2011,Congenital bone marrow failure in DNA-PKcs mutant mice associated with deficiencies in DNA repair.,,"Zhang S, Yajima H, Huynh H, Zheng J, Callen E, Chen HT, Wong N, Bunting S, Lin YF, Li M, Lee KJ, Story M, Gapud E, Sleckman BP, Nussenzweig A, Zhang CC, Chen DJ, Chen BP.",Y,,pigment,https://europepmc.org/article/MED/21482716
27725765,27725765,10.1038/srep34993,PMC5057104,2016,The unravelling of the complex pattern of tyrosinase inhibition.,,"Deri B, Kanteev M, Goldfeder M, Lecina D, Guallar V, Adir N, Fishman A.",Y,,pigment,https://europepmc.org/article/MED/27725765
17873860,17873860,10.1038/nature06116,,2007,Plasmacytoid dendritic cells sense self-DNA coupled with antimicrobial peptide.,,"Lande R, Gregorio J, Facchinetti V, Chatterjee B, Wang YH, Homey B, Cao W, Wang YH, Su B, Nestle FO, Zal T, Mellman I, Schröder JM, Liu YJ, Gilliet M.",N,,peptides,https://europepmc.org/article/MED/17873860
25287861,25287861,10.1152/physrev.00034.2013,PMC4187032,2014,Calcitonin gene-related peptide: physiology and pathophysiology.,,"Russell FA, King R, Smillie SJ, Kodji X, Brain SD.",N,,peptides,https://europepmc.org/article/MED/25287861
19541956,19541956,10.1126/science.1173155,PMC2865899,2009,Functional amyloids as natural storage of peptide hormones in pituitary secretory granules.,,"Maji SK, Perrin MH, Sawaya MR, Jessberger S, Vadodaria K, Rissman RA, Singru PS, Nilsson KP, Simon R, Schubert D, Eisenberg D, Rivier J, Sawchenko P, Vale W, Riek R.",N,,peptides,https://europepmc.org/article/MED/19541956
16716248,16716248,10.1016/j.bbamem.2006.03.030,,2006,"LL-37, the only human member of the cathelicidin family of antimicrobial peptides.",,"Dürr UH, Sudheendra US, Ramamoorthy A.",N,,peptides,https://europepmc.org/article/MED/16716248
17653196,17653196,10.1038/nature06029,,2007,A gastrin-releasing peptide receptor mediates the itch sensation in the spinal cord.,,"Sun YG, Chen ZF.",N,,peptides,https://europepmc.org/article/MED/17653196
19703986,19703986,10.1084/jem.20090480,PMC2737167,2009,Self-RNA-antimicrobial peptide complexes activate human dendritic cells through TLR7 and TLR8.,,"Ganguly D, Chamilos G, Lande R, Gregorio J, Meller S, Facchinetti V, Homey B, Barrat FJ, Zal T, Gilliet M.",Y,,peptides,https://europepmc.org/article/MED/19703986
22162589,22162589,10.1200/jco.2011.36.1360,,2012,"Phase I, dose-escalation study of BKM120, an oral pan-Class I PI3K inhibitor, in patients with advanced solid tumors.",,"Bendell JC, Rodon J, Burris HA, de Jonge M, Verweij J, Birle D, Demanse D, De Buck SS, Ru QC, Peters M, Goldbrunner M, Baselga J.",N,,peptides,https://europepmc.org/article/MED/22162589
18369459,18369459,10.1371/journal.pgen.1000041,PMC2274885,2008,A genome-wide association study of psoriasis and psoriatic arthritis identifies new disease loci.,,"Liu Y, Helms C, Liao W, Zaba LC, Duan S, Gardner J, Wise C, Miner A, Malloy MJ, Pullinger CR, Kane JP, Saccone S, Worthington J, Bruce I, Kwok PY, Menter A, Krueger J, Barton A, Saccone NL, Bowcock AM.",Y,,peptides,https://europepmc.org/article/MED/18369459
19011170,19011170,10.2337/db08-1112,PMC2628620,2009,Hyperglycemia and Adverse Pregnancy Outcome (HAPO) Study: associations with neonatal anthropometrics.,,HAPO Study Cooperative Research Group.,Y,,peptides,https://europepmc.org/article/MED/19011170
22025163,22025163,10.1200/jco.2011.35.5263,,2011,First-in-man clinical trial of the oral pan-AKT inhibitor MK-2206 in patients with advanced solid tumors.,,"Yap TA, Yan L, Patnaik A, Fearen I, Olmos D, Papadopoulos K, Baird RD, Delgado L, Taylor A, Lupinacci L, Riisnaes R, Pope LL, Heaton SP, Thomas G, Garrett MD, Sullivan DM, de Bono JS, Tolcher AW.",N,,peptides,https://europepmc.org/article/MED/22025163
18202747,18202747,10.1172/jci33263,PMC2200300,2008,IL-22 is required for Th17 cell-mediated pathology in a mouse model of psoriasis-like skin inflammation.,,"Ma HL, Liang S, Li J, Napierata L, Brown T, Benoit S, Senices M, Gill D, Dunussi-Joannopoulos K, Collins M, Nickerson-Nutter C, Fouser LA, Young DA.",N,,peptides,https://europepmc.org/article/MED/18202747
29321257,29321257,10.1126/scitranslmed.aan4044,,2018,The antimicrobial peptide SAAP-148 combats drug-resistant bacteria and biofilms.,,"de Breij A, Riool M, Cordfunke RA, Malanovic N, de Boer L, Koning RI, Ravensbergen E, Franken M, van der Heijde T, Boekema BK, Kwakman PHS, Kamp N, El Ghalbzouri A, Lohner K, Zaat SAJ, Drijfhout JW, Nibbering PH.",N,,peptides,https://europepmc.org/article/MED/29321257
25470744,25470744,10.1038/ncomms6621,,2014,The antimicrobial peptide LL37 is a T-cell autoantigen in psoriasis.,,"Lande R, Botti E, Jandus C, Dojcinovic D, Fanelli G, Conrad C, Chamilos G, Feldmeyer L, Marinari B, Chon S, Vence L, Riccieri V, Guillaume P, Navarini AA, Romero P, Costanzo A, Piccolella E, Gilliet M, Frasca L.",N,,peptides,https://europepmc.org/article/MED/25470744
18489712,18489712,10.1111/j.1471-4159.2008.05492.x,,2008,Involvement of the low-density lipoprotein receptor-related protein in the transcytosis of the brain delivery vector angiopep-2.,,"Demeule M, Currie JC, Bertrand Y, Ché C, Nguyen T, Régina A, Gabathuler R, Castaigne JP, Béliveau R.",N,,peptides,https://europepmc.org/article/MED/18489712
20498896,20498896,10.1039/b915923c,,2010,Molecular self-assembly and applications of designer peptide amphiphiles.,,"Zhao X, Pan F, Xu H, Yaseen M, Shan H, Hauser CA, Zhang S, Lu JR.",N,,peptides,https://europepmc.org/article/MED/20498896
24828484,24828484,10.3390/ph7050545,PMC4035769,2014,Human antimicrobial peptides and proteins.,,Wang G.,Y,,peptides,https://europepmc.org/article/MED/24828484
25554785,25554785,10.1126/science.1260972,PMC4318537,2015,Innate immunity. Dermal adipocytes protect against invasive Staphylococcus aureus skin infection.,,"Zhang LJ, Guerrero-Juarez CF, Hata T, Bapat SP, Ramos R, Plikus MV, Gallo RL.",N,,peptides,https://europepmc.org/article/MED/25554785
