brand,model,rf_frequency_mhz,temperature_claim,evidence,value_verdict,source_ids,status,price_snapshot
Panasonic,Vitalift RF LUXE EH-SR90,6 (manufacturer),No numeric surface/dermal temperature verified,Official specs; no current-model peer-reviewed trial located,Watchlist; no MHz-only upgrade premium,S07 S08 S09,Prelaunch2026-10-01; shop Oct31 vs announcement early November,JPY99000
Panasonic,Vitalift RF EX EH-SR86,4 (manufacturer),No numeric surface/dermal temperature verified,Manufacturer efficacy/satisfaction; multimodal,Best Panasonic current premium candidate if features matter,S04 S06,Official listing; regional stock unverified,Not verified
Panasonic,Vitalift RF EH-SR85,3 (manufacturer),No numeric surface/dermal temperature verified,Multimodal cosmetic claims,Panasonic value candidate at meaningful discount,S05 S06,Official listing; regional stock unverified,Not verified
Panasonic,Sonic RF Lift EH-SR75,2 (manufacturer),No numeric surface/dermal temperature verified,RF + ultrasound; legacy,Only compelling with good support/discount,S06 S14,Legacy official page; current stock unverified,Not verified
Panasonic,RF EH-SR74,1 (RF confirmed historical campaign),No numeric surface/dermal temperature verified,RF + ultrasound,Legacy; no reason to pay premium,S12 S13,Historical,Not verified
Panasonic,RF EH-SR73,Undisclosed in consulted spec; 1MHz is ultrasound,No numeric surface/dermal temperature verified,Legacy specification only,Verify RF carrier before comparison,S11,Historical,Not verified
Panasonic,RF EH-SR72,Undisclosed in consulted spec; 1MHz is ultrasound,No numeric surface/dermal temperature verified,Legacy specification only,Verify RF carrier before comparison,S10,Historical,Not verified
YA-MAN,Bloom 6 YJFS16PN1,0.5–2.5 (manufacturer),No numeric surface/dermal temperature verified,Resistance/touch feedback; multimodal,Most informative YA-MAN RF-focused candidate,S15,Official listing; regional stock unverified,Not verified
YA-MAN,Bloom 5 YJFS16YL,Multi RF; exact range not verified,No numeric surface/dermal temperature verified,Five-ring generation,Value if discounted vs Bloom6; 5 is not MHz,S16 S17,Regional listings,JPY95700 Japan; international offers differ
YA-MAN,Bloom WR STAR S12 PLUS,Triple RF; numeric carriers unverified,No numeric surface/dermal temperature verified,15% faster heating vs S12 brand claim,Secondary shortlist; premium needs feature justification,S18 S19 S20,Official regional listing,JPY77000
YA-MAN,Bloom WR S12YL,Unverified,No numeric surface/dermal temperature verified,Legacy four-ring family,Older discounted option after IFU check,S34,Legacy,Not verified
YA-MAN,Bloom Red S10 / S10-YL,Unverified,No numeric surface/dermal temperature verified,Legacy family,Legacy; no transfer from newer trials,S18 S34,Legacy,Not verified
YA-MAN,Bloom EYE SEYE1,1 (manufacturer),No numeric surface/dermal temperature verified,Specialized RF/weak currents; multiple sensors,Eye-specific only; avoid broad-face extrapolation,S21,Official listing; regional stock unverified,Not verified
YA-MAN,Photo PLUS Prestige S M20 / M206,3 (manufacturer),No numeric surface/dermal temperature verified,RF/EMS/ion/LED combination,Multifunction value only; collagen premium unproven,S22,International listing sold out,JPY90000
YA-MAN,Photo PLUS Prestige SS M21,Unverified,No numeric surface/dermal temperature verified,Manual-register identity only,Obtain exact IFU,S33,Regional/legacy,Not verified
YA-MAN,Photo PLUS Prestige SP M22,1–3 prose / 3 spec (manufacturer),No numeric surface/dermal temperature verified,Brand eight-week application test,Expensive for RF-only goal,S23,US listing sold out,USD1250
YA-MAN,Photo PLUS Prestige PRO M30,3 (manufacturer),No numeric surface/dermal temperature verified,NEO DYHP combination; older PRO,Do not merge with CERTEC Pro,S24 S28,Official listing; regional stock unverified,Not verified
YA-MAN,Photo PLUS Prestige SP II YJFM24V,CERTEC; carrier unverified,No numeric surface/dermal temperature verified,Current manual register,Premium not justified by public comparative collagen data,S28 S33,Official listing; regional stock unverified,Not verified
YA-MAN,Photo PLUS Prestige SP III YJFM25B,CERTEC/RF copy; carrier unverified,No numeric surface/dermal temperature verified,New generation; exact IFU needed,Watchlist; distinct from M22,S29 S33,Official listing; regional stock unverified,Not verified
YA-MAN,Photo PLUS Deep Lift YJFA1T,Unverified,No numeric surface/dermal temperature verified,D×LIFT combination,"Multifunction candidate, no frequency winner claim",S27 S33,Official listing; regional stock unverified,Not verified
YA-MAN,Photo PLUS Shiny NEO YJFM18,3 daily; triple RF weekly,No numeric surface/dermal temperature verified,Immediate temporary half-face changes; combination,Practical midrange combination candidate,S25 S26,Global listing sold out,USD650
YA-MAN,Photo PLUS HRF10T,Unverified for exact regional SKU,No numeric surface/dermal temperature verified,Catalog/manual identity; no exact trial extracted,Legacy/regional verification lane,S32 S33 S34 S35,Regional/legacy,Not verified
YA-MAN,Photo PLUS EX / EX Eye Pro HRF20P-EYE,Unverified for exact regional SKU,No numeric surface/dermal temperature verified,Catalog/manual identity; no exact trial extracted,Legacy/regional verification lane,S32 S33 S34 S35,Regional/legacy,Not verified
YA-MAN,Photo PLUS Hyper HRF11,Unverified for exact regional SKU,No numeric surface/dermal temperature verified,Catalog/manual identity; no exact trial extracted,Legacy/regional verification lane,S32 S33 S34 S35,Regional/legacy,Not verified
YA-MAN,Photo PLUS Shiny M18,Unverified for exact regional SKU,No numeric surface/dermal temperature verified,Catalog/manual identity; no exact trial extracted,Legacy/regional verification lane,S32 S33 S34 S35,Regional/legacy,Not verified
YA-MAN,Photo PLUS PLUS M,Unverified for exact regional SKU,No numeric surface/dermal temperature verified,Catalog/manual identity; no exact trial extracted,Legacy/regional verification lane,S32 S33 S34 S35,Regional/legacy,Not verified
YA-MAN,Photo PLUS EX Smooth S,Unverified for exact regional SKU,No numeric surface/dermal temperature verified,Catalog/manual identity; no exact trial extracted,Legacy/regional verification lane,S32 S33 S34 S35,Regional/legacy,Not verified
YA-MAN,Photo PLUS Smart,Unverified for exact regional SKU,No numeric surface/dermal temperature verified,Catalog/manual identity; no exact trial extracted,Legacy/regional verification lane,S32 S33 S34 S35,Regional/legacy,Not verified
YA-MAN,Bright Lift HRF40 / Bright Lift EX,Unverified for exact regional SKU,No numeric surface/dermal temperature verified,Catalog/manual identity; no exact trial extracted,Legacy/regional verification lane,S32 S33 S34 S35,Regional/legacy,Not verified
YA-MAN,Cavispa RF Core PLUS,1 RF; 0.330MHz ultrasound,No numeric surface/dermal temperature verified,Body/face combination; no direct human fat-loss inference,Body-use comparator; not lead facial buy,S30,Official listing; regional stock unverified,Not verified
YA-MAN,Cavispa RF Core / RF Core EX / RF Core Premium,Unverified exact variants,No numeric surface/dermal temperature verified,Family discovery only,Require model-specific RF/IFU,S32 S62,Legacy/regional,Not verified
MimiSilk,Vera RF Sculpt,6.25 (manufacturer),Dermis45–46/47–48/49–50°C FAQ; guide45/47/52°C; surface<47.2°C claimed; mainFAQ dermis39–44°C and surface<44°C conflict,No exact-device peer-reviewed human trial located,Hold pending thermal validation; high MHz not enough,S36 S37 S38 S39 S40 S58 S78,Listing stock controls conflict; verify,USD699
CurrentBody,Skin RF ST030,1 ±0.05 (FDA),Surface-control maximum40.5 ±0.5°C,FDAK232424; no new clinical testing,Documentation-first shortlist,S01 S69,UK price snapshot; exact US SKU verify,GBP299.99 from
NEWA,Original / Plus (verify exact successor),1 original FDA,Original cutoff>42°C,Direct De Novo uncontrolled human outcomes,Clinical-anchor shortlist; current Plus identity verify,S02 S70,Live store access failed; availability unknown,Not verified
Sensica,Sensilift Pro ST300,1 ±0.05 (FDA),Maximum40 ±0.5°C; two thermistors,FDAK250341; no new clinical testing,Documented alternative alongside CurrentBody,S03,Official listing; regional stock unverified,Not verified
Sensica,Sensilift original,1 in Pro predicate table,Brand auto-stop40°C,K170499 predicate lineage,Compare legitimate supported offer,S03 S45,Brand listing,USD449
Sensica,Sensifirm body,Unverified,Brand auto-stop41.5°C,Body/cellulite claims separate,Body-only comparison,S45,Brand listing,USD449
TriPollar,STOP Vx2 / STOP Vx Gold2,Triple-wave; exact carrier set unverified,Thermal mapping/orange indicator; numeric dermis not verified,Original STOP study indirect to current variants,Established alternative; current SKU and price matter,S42 S43 S57,Vx2 UK sold out/stale ship copy,GBP599 Vx2
TriPollar,STOP / STOP X Rose / V / Vx / Vx Gold / Desire,Exact variant unverified,Model-specific optimal-temperature guidance,Original23-person STOP cohort only,Avoid assuming all variants clinically equal,S43 S57,Regional/legacy,Not verified
TriPollar,ENVIG EDGE,Unverified,No depth-temperature mapping extracted,Gel-free fractional RF marketing; non-needle not assumed equivalent,Watchlist until IFU and clinical map,S44 S71,Collection listing,GBP899
TriPollar,STOP EYE / EYE2; POSE Vx body,Unverified,Exact regional IFU required,Specialized area variants,Keep separate from facial STOP evidence,S43,Official listing; regional stock unverified,Not verified
Silkn,Titan / Titan AllWays / Titan MultiPlatform,Unverified current carrier,Stabilizer; exact variant numeric target unverified,Older combination HST study; current IFU mapping needed,"Supported midrange comparison, no generation pooling",S47,AllWays URL redirects to MultiPlatform,Not verified
Medicube,AGE-R Ultra Tune40.68,40.68 label/brand claim; independent output not measured,Numeric skin/dermal target not verified,RF+MC human application-test marketing,Budget combination; no frequency superiority,S46,US page sale/sold-out controls,USD350 vs530
Konmison,LB056B / unbranded OEM,2 supplier claim in prior archive,No verified feedback/cutoff,No human outcome package in prior archive,Poor first-buy confidence,LOCAL-landscape,Supplier offer not new live quote,Not verified
Professional,Thermage CPT / FLX lineage,6.78 CPT manual,No universal measured65–75°C dermal value established here,Professional monopolar cooled architecture,Clinic comparator; not home product,S54,Official listing; regional stock unverified,Not verified
Professional,Reaction CORE (Sinclair),0.8 /1.7 /2.45,Experimental thermal traces; not home target,2024 bench/animal and uncontrolled human study,"2.45MHz research lead, not consumer optimum",S48,Official listing; regional stock unverified,Not verified
Professional,POLARGEN / other40.68MHz unipolar platforms,40.68,Protocol-specific; no universal target,Small2017 pilot;2026 single-arm study,Professional evidence cannot certify Medicube,S49 S50,Official listing; regional stock unverified,Not verified
YA-MAN,ACE fifth-generation golden five-ring (regional study identity),0.5–2.5 (study table),Numeric target not disclosed in study table,2025 randomized3-arm90enrolled80completed4weeks; bundle outcomes; no specific grant/conflicts declared,Controlled evidence worth attention; Bloom5/6 retail SKU mapping unresolved,S74,"Regional study device, not verified current retail SKU",Not verified
Jmoon,Speed / Beauty Iron (study identity),0.8–2.0 (study table),Temperature/current/motion sensors; no numeric target extracted,Same2025 3-arm RCT; combination energy,Research comparator; exact current retailer/SKU/IFU unverified,S74,Study identity,Not verified
