id,brand,model,category,rf_max_w,treatment_max_w,measured_w,load_ohm,basis,rf_label,input_w,input_kind,battery_v,battery_mah,runtime_min,battery_wh,average_total_w,frequency,temperature,clearance,notes,source_ids,product_url,checked,prior_source_ids
D001,NEWA,Original wired 3DEEP,Home face RF,10,,10,360,Numeric FDA bench result,10 W ±20%,,Undisclosed,,,,,,1 MHz,42°C sensor shutoff,DEN150005,10 W bench result is explicit. Pulse duration 300/450 ms in 750 ms cycles. 4/6 W duty-average scenarios require 10 W to mean on-pulse power; document does not settle its averaging convention.,P01 P74,https://www.accessdata.fda.gov/cdrh_docs/reviews/DEN150005.pdf,2026-10-09,
D002,CurrentBody,Skin RF ST030 (US),Home face RF,5,5,,200,FDA specification,5 W ±1,13.5,9 V × 1.5 A external supply capacity,,,,,,1 MHz,40.5 ±0.5°C maximum,K232424,Power validation passed; exact measured number not published.,P02,https://www.accessdata.fda.gov/cdrh_docs/pdf23/K232424.pdf,2026-10-09,
D003,Sensica,sensiLift original,Home face RF,9,6.5,,200,FDA specification,9 W ±1 hardware; 6.5 W highest setting,13.5,9 V × 1.5 A external supply (comparison in Pro filing),,,,,,1 MHz,40°C shutoff,K170499,"9 W hardware maximum differs from 3.5/5/6.5 W selectable skin-level settings. Validation passed, no numeric measured output published.",P03 P75,https://www.accessdata.fda.gov/cdrh_docs/pdf17/K170499.pdf,2026-10-09,
D004,Sensica,sensiLift Pro ST300,Home face RF,6,6,,200,FDA specification,6 W ±1,21.6,12 V × 1.8 A external supply capacity,,,,,,1 ±0.05 MHz,40 ±0.5°C maximum,K250341,Selectable 3.5/5/6 W; validation passed; numeric measured results not disclosed.,P04 P75,https://www.accessdata.fda.gov/cdrh_docs/pdf25/K250341.pdf,2026-10-09,
D005,Sensica,SensiFirm body,Home body RF,10,,,,Manufacturer specification,10 W ±1,,Undisclosed,,,,,,1 ±0.05 MHz,41°C auto-stop (brand),Not verified for this exact model,Body/cellulite product; do not substitute its area or protocol for facial use.,P32,https://sensica.com/products/sensifirm,2026-10-09,
D006,TriPollar,STOP U,Home face RF,5.7,5.7,,200,FDA specification,5.7 W ±10% RMS,,8 V × 1.5 A external supply capacity,,,,,,1 MHz,Temperature-controlled; exact numeric cutoff not confirmed here,K182774,"Maximum RMS RF specification, not a numerical measurement report.",P13,https://www.accessdata.fda.gov/cdrh_docs/pdf18/K182774.pdf,2026-10-09,
D007,TriPollar,STOP U UXV,Home face RF,5.7,5.7,,200,FDA specification,5.7 W ±10% RMS,12,8 V × 1.5 A external supply capacity,,,,,,1 MHz,Temperature-controlled; exact numeric cutoff not confirmed here,K203665 / K220322,"Maximum RMS RF specification, not a numerical measurement report.",P05 P14,https://www.accessdata.fda.gov/cdrh_docs/pdf20/K203665.pdf,2026-10-09,
D008,Silk’n,HST / legacy Titan clearance family,Home face RF,10,,,,FDA specification,10 W,,Undisclosed,,,,,,1 MHz,Undisclosed,K162784 (OHS primary),Combined RF/optical system; exact retail alias must be matched to its label.,P07,https://www.accessdata.fda.gov/cdrh_docs/pdf16/K162784.pdf,2026-10-09,
D009,Silk’n,Titan original H2111/H2112,Home face RF,10,,,,Manufacturer manual,10 W,18,12 V × 1.5 A supply capacity,,,,,,1 MHz,Undisclosed,See HST family; retail label match required,Corded. Shared model numbers in FaceTite manuals do not prove identical regional output.,P20,https://m.media-amazon.com/images/I/91wCR6lIVGS.pdf,2026-10-09,
D010,Silk’n,Titan AllWays,Home face RF,10,,,,FDA specification,10 W ±20%,,Undisclosed,3.7,2600,,9.62,,1 MHz,Undisclosed,K230013,9.62 Wh nominal battery. Pasted 20-minute runtime has not been confirmed in this FDA record; no battery-average output inferred.,P06,https://www.accessdata.fda.gov/cdrh_docs/pdf23/K230013.pdf,2026-10-09,
D011,Silk’n,Titan MultiPlatform H2502 + HA2502 (current NA IFU),Home face RF,15,,,,Manufacturer manual,15 W,24,12 V × 2 A supply capacity,3.7,4000,40,14.8,22.2,1 MHz ±30%,43°C surface cutoff,Not verified for this exact model,Current official IFU says 15 W combined. Historical 20 W IFU is separate below. 40-minute website runtime is not a specified full-power load test.,P17 P21 P73,https://data.silkn.com/asset/2a5aa6ed-322e-4d0b-afbe-5fc694289137/Titan-MultiPlatform-UM-NA.pdf,2026-10-09,
D012,Silk’n,Titan MultiPlatform H2502 + HA2502 (historical IFU),Home face RF,20,,,,Historical manual conflict,20 W,24,12 V × 2 A supply capacity,,,,,,1 MHz ±30%,43°C surface cutoff,Not verified for this exact model,Historical manufacturer manual mirrored by device.report. Current official NA manual is 15 W. Same name/model cannot identify revision; not an extra unique device.,P76 P17,https://device.report/m/91cc6032d88734ec2f9d4e9b1543aaadd7e9190fba691abbffb4ee4fcb4c0481,2026-10-09,
D013,Silk’n,Titan MultiPlatform H2502 bare head (historical),Home face RF,10,,,,Historical manual conflict,10 W,24,Supply capacity,,,,,,1 MHz ±30%,Undisclosed,Not verified for this exact model,Older manual explicitly distinguishes bare 10 W head from 20 W combined configuration. Current manual only lists combined 15 W; do not transfer bare rating across revisions.,P76,https://device.report/m/91cc6032d88734ec2f9d4e9b1543aaadd7e9190fba691abbffb4ee4fcb4c0481,2026-10-09,
D014,Silk’n,FaceTite MultiPlatform H2501 EU,Home face RF,20,,,,Manufacturer manual,20 W,24,12 V × 2 A adapter capacity,,4000,,,,1 MHz ±30%,Undisclosed,Not verified for this exact model,"Battery mAh disclosed, cell nominal voltage not established from this IFU. Device 12 V rating must not be used as battery voltage.",P19,https://data.silkn.com/m/3675be4e752dbebb/original/FaceTite-MultiPlatform-UM.pdf,2026-10-09,
D015,Silk’n,Titan Mini H2600,Home face RF,10,,,,Manufacturer manual,10 W,10,5 V × 2 A charging supply capacity,3.7,600,30,2.22,4.44,1 MHz ±30%,43°C surface cutoff,Not verified for this exact model,2.22 Wh / 0.5 h = 4.44 W nominal total-draw estimate. Stated runtime is not a continuous 10 W test.,P18 P73,https://data.silkn.com/m/1b96e6d4c98d2a1a/original/Titan-Mini-UM-NA.pdf,2026-10-09,
D016,Silk’n,Silhouette (legacy body),Home body RF,,,,,Pasted lead only,Not disclosed / not verified,,Undisclosed,,,,,,Undisclosed,Undisclosed,Not verified for this exact model,Pasted claim: 24 W. Exact manufacturer IFU/revision not independently recovered in this pass; excluded from numerical ranking. H2600 alias may duplicate Titan Mini.,U01,,2026-10-09,
D017,Silk’n,FaceTite Mini FAC01 (legacy EU),Home face RF,,,,,Pasted lead only,Not disclosed / not verified,,Undisclosed,,,,,,Undisclosed,Undisclosed,Not verified for this exact model,Pasted claim: 13 W. Exact manufacturer IFU/revision not independently recovered in this pass; excluded from numerical ranking. H2600 alias may duplicate Titan Mini.,U01,,2026-10-09,
D018,Silk’n,Original FaceTite H2111/H2112 (regional),Home face RF,,,,,Pasted lead only,Not disclosed / not verified,,Undisclosed,,,,,,Undisclosed,Undisclosed,Not verified for this exact model,Pasted claim: 12 W. Exact manufacturer IFU/revision not independently recovered in this pass; excluded from numerical ranking. H2600 alias may duplicate Titan Mini.,U01,,2026-10-09,
D019,Silk’n,FaceTite Z / Revive / Essential / Prestige H2120/H2130,Home face RF,,,,,Pasted lead only,Not disclosed / not verified,,Undisclosed,,,,,,Undisclosed,Undisclosed,Not verified for this exact model,Pasted claim: 10 W. Exact manufacturer IFU/revision not independently recovered in this pass; excluded from numerical ranking. H2600 alias may duplicate Titan Mini.,U01,,2026-10-09,
D020,Silk’n,FaceTite Mini H2600 regional alias,Home face RF,,,,,Pasted lead only,Not disclosed / not verified,,Undisclosed,,,,,,Undisclosed,Undisclosed,Not verified for this exact model,Pasted claim: 10 W. Exact manufacturer IFU/revision not independently recovered in this pass; excluded from numerical ranking. H2600 alias may duplicate Titan Mini.,U01,,2026-10-09,
D021,FOREO,FAQ 101,Home face RF,,,,,RF undisclosed; battery data,Not disclosed / not verified,,Undisclosed,3.7,1000,30,3.7,7.4,Undisclosed,Undisclosed,K222012,"3.7 Wh and up to 30 min give 7.4 W nominal whole-device average under the matching runtime condition. RF, EMS, LED and electronics share energy.",P22 P08,https://www.foreo.com/manuals/faq-swiss-101,2026-10-09,
D022,FOREO,FAQ 102,Home face RF,,,,,RF undisclosed; battery data,Not disclosed / not verified,,Undisclosed,3.7,1000,30,3.7,7.4,Undisclosed,Undisclosed,K240616,"3.7 Wh and up to 30 min give 7.4 W nominal whole-device average under the matching runtime condition. RF, EMS, LED and electronics share energy.",P23 P09,https://www.foreo.com/manuals/faq-swiss-102,2026-10-09,
D023,FOREO,FAQ 103 Diamond,Home face RF,,,,,Pasted lead only,Not disclosed / not verified,,Undisclosed,,,,,,Undisclosed,Undisclosed,Not verified for this exact model,FAQ-family lead; do not copy 101/102 battery or power without exact manual.,U01,,2026-10-09,
D024,MimiSilk,Vera RF Sculpt,Home face RF,18,,,,Marketing RF claim,4.5 / 9 / 18 W claimed,,Undisclosed,,,,,,6.25 MHz claimed,49–50°C FAQ vs 52°C guide claimed dermal values; no measured thermal map,Not verified for this exact model,"Brand calls 18 W output; similar DLUS listing says 18 W supply/consumption. OEM connection unconfirmed. Corded Vera, no battery estimate.",P24 P25 P26 P27 P28,https://www.mimisilk.com/products/mimisilk-vera-rf-sculpt-6-25mhz-gel-free-radio-frequency-skin-lifting-device,2026-10-09,
D025,DLUS,D2,Generic handheld RF,,,,,Seller input; RF unknown,Not disclosed / not verified,18,Seller consumption / directory supply power,,,,,,6.25 MHz claimed,Undisclosed,Not verified for this exact model,Directory names Shenzhen Guangxiang. Retailer says rechargeable/cordless; pasted notes say mains. No battery voltage/capacity/runtime verified. Factory relationship to Vera is a lead.,P28 P27,https://mycosmeticslondon.co.uk/products/professional-rf-facial-device-for-skin-lifting,2026-10-09,
D026,AMIRO,R1 PRO (US listing),Home face RF,15,,,,Marketing RF claim,15 W claim; 8 W predecessor discrepancy,,Undisclosed,,,,,,Undisclosed,Undisclosed,Not verified for this exact model,Regional/version ambiguity: upgrade narrative says 8 W to 15 W. No common test load or duty-cycle record; do not infer 15 W RF from charger.,P29 P31,https://amirobeauty.com/products/amiro-high-radiofrequency-skincare-device,2026-10-09,
D027,AMIRO,R3 Turbo,Home face RF,15,,,,Marketing RF claim,15 W,,Undisclosed,,,,,,Undisclosed,Undisclosed,Not verified for this exact model,Explicit 8 to 15 W upgrade claim. Pasted 2600 mAh and 5 V/3 A manual lead awaits exact original manual; battery cell voltage/runtime unknown.,P30 P31,https://amirobeauty.com/products/r3-turbo-facial-rf-skin-tightening-device,2026-10-09,
D028,AMIRO,S2 Seal / S2 Seal Max,Home face RF,,,,,Prior inventory; RF unknown,Not disclosed / not verified,,Undisclosed,,,,,,Undisclosed,Undisclosed,Not verified for this exact model,Existing local IFU/clinical research lane. No comparable treatment-output wattage established in this pass.,L01,,2026-10-09,
D029,MLAY,RF01 face probe,Generic tabletop RF,25,,,,Seller output claim,25 W,50,Rated total input (listing),,,,,,1 MHz,Temperature adjustment claimed; calibrated numerical cutoff unverified,Not verified for this exact model,Listing calls this output. RF01 naming across sellers is not evidence of identical electronics.,P33,https://mlay.co/product/rf01/,2026-10-09,
D030,MLAY,RF01 body probe,Generic tabletop RF,50,,,,Seller output claim,50 W,50,Rated total input (listing),,,,,,1 MHz,Undisclosed,Not verified for this exact model,50 W claimed RF equals 50 W input rating: continuous equality would leave no allowance for losses. Peak/control convention unspecified.,P33,https://mlay.co/product/rf01/,2026-10-09,
D031,MLAY,RF02,Generic tabletop RF,,,,,Unknown,Not disclosed / not verified,,Undisclosed,,,,,,Undisclosed,Undisclosed,Not verified for this exact model,Catalogue/model inventory; exact comparable RF output not recovered.,P34,https://www.mlayofficial.com/collections/all,2026-10-09,
D032,MLAY,S3 handheld,Generic handheld RF,,,,,Unknown,Not disclosed / not verified,,Undisclosed,,,,,,Undisclosed,Undisclosed,Not verified for this exact model,Catalogue/model inventory; exact comparable RF output not recovered.,P34,https://www.mlayofficial.com/collections/all,2026-10-09,
D033,Konmison,LB056B three-probe tabletop,Generic tabletop RF,,,,,Supplier input; RF unknown,Not disclosed / not verified,55,Power consumption,,,,,,2 MHz bipolar,Numeric skin cutoff unverified,Not verified for this exact model,1–15 J/cm² seller energy claim cannot be converted to watts without time and electrode area. Listing also says IPL+RF; exact optical hardware unspecified.,P35,https://www.konmison.com/product-item/3-in-1-rf-radio-frequency-facial-machine/,2026-10-09,
D034,FREYARA,Mini 3in1 RF / FY04.0208US family,Generic tabletop RF,50,,,,Seller handle-power claim,20–50 W handle claim,72,24 V × 3 A supply capacity,,,,,,1 MHz intended by listing (printed mHz),Undisclosed,Not verified for this exact model,"20–50 W handle claim, no load/duty convention. Appearance does not prove same factory/electronics as Konmison.",P36 P38,https://it.freyara.com/products/mini-3in1-rf-dispositivo-di-bellezza-ringiovanimento-lifting-rimozione-delle-rughe-rassodamento-della-pelle-per-viso-e-occhi,2026-10-09,
D035,FREYARA,2in1 RF tripolar handle,Generic tabletop RF,30,,,,Seller handle-power claim,20–30 W handle claim,72,24 V × 3 A supply capacity,,,,,,1 MHz intended by listing (printed mHz),Undisclosed,Not verified for this exact model,Seller lists tripolar 20–30 W; keep separate from hexapolar handle.,P37,https://it.freyara.com/products/dispositivo-di-bellezza-rf-2in1-con-3-sonde-e-6-sonde-ringiovanimento-sollevamento-rimozione-delle-rughe-rassodamento-della-pelle-per-viso-e-occhi,2026-10-09,
D036,FREYARA,2in1 RF hexapolar handle,Generic tabletop RF,60,,,,Seller handle-power claim,50–60 W handle claim,72,24 V × 3 A supply capacity,,,,,,1 MHz intended by listing (printed mHz),Undisclosed,Not verified for this exact model,Seller lists hexapolar 50–60 W. Same console as tripolar row; not a separate unique device.,P37,https://it.freyara.com/products/dispositivo-di-bellezza-rf-2in1-con-3-sonde-e-6-sonde-ringiovanimento-sollevamento-rimozione-delle-rughe-rassodamento-della-pelle-per-viso-e-occhi,2026-10-09,
D037,OEM / unbranded,Allfond triangular 3-probe family,Generic tabletop RF,,,,,Pasted supplier lead only,Not disclosed / not verified,,Undisclosed,,,,,,Undisclosed,Undisclosed,Not verified for this exact model,"No exact model/label/IFU matching. Do not import a lookalike seller’s watts, temperature cutoff or FDA clearance.",U01,,2026-10-09,
D038,OEM / unbranded,RF01 generic / unnamed private-label family,Generic tabletop RF,,,,,Pasted supplier lead only,Not disclosed / not verified,,Undisclosed,,,,,,Undisclosed,Undisclosed,Not verified for this exact model,"No exact model/label/IFU matching. Do not import a lookalike seller’s watts, temperature cutoff or FDA clearance.",U01,,2026-10-09,
D039,OEM / unbranded,Margotan private-label handheld lead,Generic handheld RF,,,,,Pasted supplier lead only,Not disclosed / not verified,,Undisclosed,,,,,,Undisclosed,Undisclosed,Not verified for this exact model,"No exact model/label/IFU matching. Do not import a lookalike seller’s watts, temperature cutoff or FDA clearance.",U01,,2026-10-09,
D040,MYCHWAY,CET RET console · RET S electrode,Generic tabletop RF,130,,,,Seller output claim,130 W,,Undisclosed,,,,,,Undisclosed,Undisclosed,Not verified for this exact model,"Console/electrode configuration, not eight unique devices. No specified load, duty cycle or independently measured output. Larger body electrodes cannot define a facial maximum.",P39,https://us.mychway.com/product/cet-ret-rf-face-lifting-skin-care-winkle-removal,2026-10-09,
D041,MYCHWAY,CET RET console · RET M electrode,Generic tabletop RF,150,,,,Seller output claim,150 W,,Undisclosed,,,,,,Undisclosed,Undisclosed,Not verified for this exact model,"Console/electrode configuration, not eight unique devices. No specified load, duty cycle or independently measured output. Larger body electrodes cannot define a facial maximum.",P39,https://us.mychway.com/product/cet-ret-rf-face-lifting-skin-care-winkle-removal,2026-10-09,
D042,MYCHWAY,CET RET console · RET L electrode,Generic tabletop RF,200,,,,Seller output claim,200 W,,Undisclosed,,,,,,Undisclosed,Undisclosed,Not verified for this exact model,"Console/electrode configuration, not eight unique devices. No specified load, duty cycle or independently measured output. Larger body electrodes cannot define a facial maximum.",P39,https://us.mychway.com/product/cet-ret-rf-face-lifting-skin-care-winkle-removal,2026-10-09,
D043,MYCHWAY,CET RET console · RET XL electrode,Generic tabletop RF,300,,,,Seller output claim,300 W,,Undisclosed,,,,,,Undisclosed,Undisclosed,Not verified for this exact model,"Console/electrode configuration, not eight unique devices. No specified load, duty cycle or independently measured output. Larger body electrodes cannot define a facial maximum.",P39,https://us.mychway.com/product/cet-ret-rf-face-lifting-skin-care-winkle-removal,2026-10-09,
D044,MYCHWAY,CET RET console · CET S electrode,Generic tabletop RF,65,,,,Seller output claim,65 W,,Undisclosed,,,,,,Undisclosed,Undisclosed,Not verified for this exact model,"Console/electrode configuration, not eight unique devices. No specified load, duty cycle or independently measured output. Larger body electrodes cannot define a facial maximum.",P39,https://us.mychway.com/product/cet-ret-rf-face-lifting-skin-care-winkle-removal,2026-10-09,
D045,MYCHWAY,CET RET console · CET M electrode,Generic tabletop RF,60,,,,Seller output claim,60 W,,Undisclosed,,,,,,Undisclosed,Undisclosed,Not verified for this exact model,"Console/electrode configuration, not eight unique devices. No specified load, duty cycle or independently measured output. Larger body electrodes cannot define a facial maximum.",P39,https://us.mychway.com/product/cet-ret-rf-face-lifting-skin-care-winkle-removal,2026-10-09,
D046,MYCHWAY,CET RET console · CET L electrode,Generic tabletop RF,70,,,,Seller output claim,70 W,,Undisclosed,,,,,,Undisclosed,Undisclosed,Not verified for this exact model,"Console/electrode configuration, not eight unique devices. No specified load, duty cycle or independently measured output. Larger body electrodes cannot define a facial maximum.",P39,https://us.mychway.com/product/cet-ret-rf-face-lifting-skin-care-winkle-removal,2026-10-09,
D047,MYCHWAY,CET RET console · CET XL electrode,Generic tabletop RF,110,,,,Seller output claim,110 W,,Undisclosed,,,,,,Undisclosed,Undisclosed,Not verified for this exact model,"Console/electrode configuration, not eight unique devices. No specified load, duty cycle or independently measured output. Larger body electrodes cannot define a facial maximum.",P39,https://us.mychway.com/product/cet-ret-rf-face-lifting-skin-care-winkle-removal,2026-10-09,
D048,MYCHWAY,MS-11Y3 generic RF family,Generic tabletop RF,,,,,Unknown,Not disclosed / not verified,,Undisclosed,,,,,,Undisclosed,Undisclosed,Not verified for this exact model,Supplier manual preserved; no unambiguous comparable RF-output figure extracted.,P40,https://manual.mychway.com/UserManual/ms-11y3instructionnew.pdf,2026-10-09,
D049,NEO,Alpha controller,Generic tabletop RF,,,,,Ambiguous power headline,Not disclosed / not verified,,Undisclosed,,,,,,Undisclosed,Undisclosed,Not verified for this exact model,300 W headline in pasted research and Q&A; Alpha face/Soft RF power not established. No numeric RF ranking; directory consumption for Plus does not prove Alpha equivalence.,P41 P77,https://www.rf-skincare.com/shop/view.html?cpage_pq=182&spage_pq=181&uid=32,2026-10-09,
D050,NEO,Plus RF-300W,Generic tabletop RF,,,,,Directory input; RF unknown,Not disclosed / not verified,300,"Secondary directory consumption, label unverified",,,,,,Undisclosed,Undisclosed,Not verified for this exact model,300 W consumption is not 300 W RF output. Separate from handheld home devices.,P77 P41,https://prod.danawa.com/info/?pcode=14102141,2026-10-09,
D051,Panasonic,Vitalift RF LUXE EH-SR90,Home face RF,,,,,Prior inventory; RF unknown,Not disclosed / not verified,7,Consumption while charging,,,,,,1–6 (manufacturer variable-frequency RF),No numeric surface or dermal target verified; no validated thermal map located,Not verified for this exact model,"Carried forward from 2026-10-02 market census; comparable RF-output watts not established. Official specs: 1–6 MHz RF, eight electrodes and five modes; no exact-model peer-reviewed trial located",P42 L01,https://panasonic.jp/face/products/EH-SR90.html,2026-10-09,S07 S08 S09 S82 S83
D052,Panasonic,Vitalift RF EX EH-SR86,Home face RF,,,,,Prior inventory; RF unknown,Not disclosed / not verified,7,Consumption while charging,,,,,,4 (manufacturer),No numeric surface/dermal temperature verified,Not verified for this exact model,Carried forward from 2026-10-02 market census; comparable RF-output watts not established. Manufacturer efficacy/satisfaction; multimodal,P44 L01,https://panasonic.jp/face/products/EH-SR86.html,2026-10-09,S04 S06
D053,Panasonic,Vitalift RF EH-SR85,Home face RF,,,,,Prior inventory; RF unknown,Not disclosed / not verified,7,Consumption while charging,,,,,,3 (manufacturer),No numeric surface/dermal temperature verified,Not verified for this exact model,Carried forward from 2026-10-02 market census; comparable RF-output watts not established. Multimodal cosmetic claims,P43 L01,https://panasonic.jp/face/products/EH-SR85.html,2026-10-09,S05 S06
D054,Panasonic,Sonic RF Lift EH-SR75,Home face RF,,,,,Prior inventory; RF unknown,Not disclosed / not verified,,Undisclosed,,,,,,2 (manufacturer),No numeric surface/dermal temperature verified,Not verified for this exact model,Carried forward from 2026-10-02 market census; comparable RF-output watts not established. RF + ultrasound; legacy,L01,https://panasonic.jp/catalog/ctlg/vitalift_rf_ex/vitalift_rf_ex.pdf,2026-10-02,S06 S14
D055,Panasonic,RF EH-SR74,Home face RF,,,,,Prior inventory; RF unknown,Not disclosed / not verified,,Undisclosed,,,,,,1 (RF confirmed historical campaign),No numeric surface/dermal temperature verified,Not verified for this exact model,Carried forward from 2026-10-02 market census; comparable RF-output watts not established. RF + ultrasound,L01,https://panasonic.jp/face/products/EH-SR74/spec.html,2026-10-02,S12 S13
D056,Panasonic,RF EH-SR73,Home face RF,,,,,Prior inventory; RF unknown,Not disclosed / not verified,,Undisclosed,,,,,,Undisclosed in consulted spec; 1MHz is ultrasound,No numeric surface/dermal temperature verified,Not verified for this exact model,Carried forward from 2026-10-02 market census; comparable RF-output watts not established. Legacy specification only,L01,https://panasonic.jp/face/products/EH-SR73/spec.html,2026-10-02,S11
D057,Panasonic,RF EH-SR72,Home face RF,,,,,Prior inventory; RF unknown,Not disclosed / not verified,,Undisclosed,,,,,,Undisclosed in consulted spec; 1MHz is ultrasound,No numeric surface/dermal temperature verified,Not verified for this exact model,Carried forward from 2026-10-02 market census; comparable RF-output watts not established. Legacy specification only,L01,https://panasonic.jp/face/products/EH-SR72/spec.html,2026-10-02,S10
D058,YA-MAN,Bloom 6 YJFS16PN1,Home face RF,,,,,Prior inventory; RF unknown,Not disclosed / not verified,,Undisclosed,,,,,,0.5–2.5 (manufacturer),No numeric surface/dermal temperature verified,Not verified for this exact model,Carried forward from 2026-10-02 market census; comparable RF-output watts not established. Resistance/touch feedback; multimodal,L01,https://www.ya-man.com/en/products/bloom-6.php,2026-10-02,S15 S84
D059,YA-MAN,Bloom 5 YJFS16YL,Home face RF,,,,,Prior inventory; RF unknown,Not disclosed / not verified,,Undisclosed,,,,,,Multi RF; exact range not verified,No numeric surface/dermal temperature verified,Not verified for this exact model,Carried forward from 2026-10-02 market census; comparable RF-output watts not established. Five-ring generation,L01,https://www.ya-man.com/Form/Product/ProductDetail.aspx?bid=yaman_tokyo_japan&cat=101&pid=rr00663&shop=0,2026-10-02,S16 S17
D060,YA-MAN,Bloom WR STAR S12 PLUS,Home face RF,,,,,Prior inventory; RF unknown,Not disclosed / not verified,,Undisclosed,,,,,,Triple RF; numeric carriers unverified,No numeric surface/dermal temperature verified,Not verified for this exact model,Carried forward from 2026-10-02 market census; comparable RF-output watts not established. 15% faster heating vs S12 brand claim,L01,https://www.ya-man-tokyo-japan.com/products/forface/rf-bloom-wr-star.html,2026-10-02,S18 S19 S20
D061,YA-MAN,Bloom WR S12YL,Home face RF,,,,,Prior inventory; RF unknown,Not disclosed / not verified,,Undisclosed,,,,,,Unverified,No numeric surface/dermal temperature verified,Not verified for this exact model,Carried forward from 2026-10-02 market census; comparable RF-output watts not established. Legacy four-ring family,L01,https://global.ya-man.com/pages/user-manual,2026-10-02,S34
D062,YA-MAN,Bloom Red S10 / S10-YL,Home face RF,,,,,Prior inventory; RF unknown,Not disclosed / not verified,,Undisclosed,,,,,,Unverified,No numeric surface/dermal temperature verified,Not verified for this exact model,Carried forward from 2026-10-02 market census; comparable RF-output watts not established. Legacy family,L01,https://www.ya-man-tokyo-japan.com/products/forface/rf-bloom-wr-star.html,2026-10-02,S18 S34
D063,YA-MAN,Bloom EYE SEYE1,Home face RF,,,,,Prior inventory; RF unknown,Not disclosed / not verified,,Undisclosed,,,,,,1 (manufacturer),No numeric surface/dermal temperature verified,Not verified for this exact model,Carried forward from 2026-10-02 market census; comparable RF-output watts not established. Specialized RF/weak currents; multiple sensors,L01,https://www.ya-man.com/en/products/bloom-eye.php,2026-10-02,S21
D064,YA-MAN,Photo PLUS Prestige S M20 / M206,Home face RF,,,,,Prior inventory; RF unknown,Not disclosed / not verified,,Undisclosed,,,,,,3 (manufacturer),No numeric surface/dermal temperature verified,Not verified for this exact model,Carried forward from 2026-10-02 market census; comparable RF-output watts not established. RF/EMS/ion/LED combination,L01,https://international-shop.ya-man.com/collections/beauty-devices/products/photo-plus-prestige-s,2026-10-02,S22
D065,YA-MAN,Photo PLUS Prestige SS M21,Home face RF,,,,,Prior inventory; RF unknown,Not disclosed / not verified,,Undisclosed,,,,,,Unverified,No numeric surface/dermal temperature verified,Not verified for this exact model,Carried forward from 2026-10-02 market census; comparable RF-output watts not established. Manual-register identity only,L01,https://global.ya-man.com/pages/user-manuals,2026-10-02,S33
D066,YA-MAN,Photo PLUS Prestige SP M22,Home face RF,,,,,Prior inventory; RF unknown,Not disclosed / not verified,,Undisclosed,,,,,,1–3 prose / 3 spec (manufacturer),No numeric surface/dermal temperature verified,Not verified for this exact model,Carried forward from 2026-10-02 market census; comparable RF-output watts not established. Brand eight-week application test,L01,https://global.ya-man.com/products/photo-plus-prestige-sp,2026-10-02,S23
D067,YA-MAN,Photo PLUS Prestige PRO M30,Home face RF,,,,,Prior inventory; RF unknown,Not disclosed / not verified,,Undisclosed,,,,,,3 (manufacturer),No numeric surface/dermal temperature verified,Not verified for this exact model,Carried forward from 2026-10-02 market census; comparable RF-output watts not established. NEO DYHP combination; older PRO,L01,https://www.ya-man.com/en/products/photo-plus-prestige-pro.php,2026-10-02,S24 S28
D068,YA-MAN,Photo PLUS Prestige SP II YJFM24V,Home face RF,,,,,Prior inventory; RF unknown,Not disclosed / not verified,,Undisclosed,,,,,,CERTEC; carrier unverified,No numeric surface/dermal temperature verified,Not verified for this exact model,Carried forward from 2026-10-02 market census; comparable RF-output watts not established. Current manual register,L01,https://international-shop.ya-man.com/pages/compare-products,2026-10-02,S28 S33
D069,YA-MAN,Photo PLUS Prestige SP III YJFM25B,Home face RF,,,,,Prior inventory; RF unknown,Not disclosed / not verified,,Undisclosed,,,,,,CERTEC/RF copy; carrier unverified,No numeric surface/dermal temperature verified,Not verified for this exact model,Carried forward from 2026-10-02 market census; comparable RF-output watts not established. New generation; exact IFU needed,L01,https://international-shop.ya-man.com/collections/photo-plus-series/products/photo-plus-prestige-sp3,2026-10-02,S29 S33
D070,YA-MAN,Photo PLUS Deep Lift YJFA1T,Home face RF,,,,,Prior inventory; RF unknown,Not disclosed / not verified,,Undisclosed,,,30,,,Unverified,No numeric surface/dermal temperature verified,Not verified for this exact model,Official listing: approximately 30 minutes operation. Pasted 4.5 W charging consumption not recovered on current product page; RF watts remain undisclosed.,P45 L01,https://www.ya-man-tokyo-japan.com/products/forface/photo-plus-deep-lift.html,2026-10-09,S27 S33
D071,YA-MAN,Photo PLUS Shiny NEO YJFM18,Home face RF,,,,,Prior inventory; RF unknown,Not disclosed / not verified,,Undisclosed,,,,,,3 daily; triple RF weekly,No numeric surface/dermal temperature verified,Not verified for this exact model,Carried forward from 2026-10-02 market census; comparable RF-output watts not established. Immediate temporary half-face changes; combination,L01,https://www.ya-man-tokyo-japan.com/products/forface/photo-plus-shiny-neo.html,2026-10-02,S25 S26
D072,YA-MAN,Photo PLUS HRF10T,Home face RF,,,,,Prior inventory; RF unknown,Not disclosed / not verified,,Undisclosed,,,,,,Unverified for exact regional SKU,No numeric surface/dermal temperature verified,Not verified for this exact model,Carried forward from 2026-10-02 market census; comparable RF-output watts not established. Catalog/manual identity; no exact trial extracted,L01,https://www.ya-man-tokyo-japan.com/,2026-10-02,S32 S33 S34 S35
D073,YA-MAN,Photo PLUS EX / EX Eye Pro HRF20P-EYE,Home face RF,,,,,Prior inventory; RF unknown,Not disclosed / not verified,,Undisclosed,,,,,,Unverified for exact regional SKU,No numeric surface/dermal temperature verified,Not verified for this exact model,Carried forward from 2026-10-02 market census; comparable RF-output watts not established. Catalog/manual identity; no exact trial extracted,L01,https://www.ya-man-tokyo-japan.com/,2026-10-02,S32 S33 S34 S35
D074,YA-MAN,Photo PLUS Hyper HRF11,Home face RF,,,,,Prior inventory; RF unknown,Not disclosed / not verified,,Undisclosed,,,,,,Unverified for exact regional SKU,No numeric surface/dermal temperature verified,Not verified for this exact model,Carried forward from 2026-10-02 market census; comparable RF-output watts not established. Catalog/manual identity; no exact trial extracted,L01,https://www.ya-man-tokyo-japan.com/,2026-10-02,S32 S33 S34 S35
D075,YA-MAN,Photo PLUS Shiny M18,Home face RF,,,,,Prior inventory; RF unknown,Not disclosed / not verified,,Undisclosed,,,,,,Unverified for exact regional SKU,No numeric surface/dermal temperature verified,Not verified for this exact model,Carried forward from 2026-10-02 market census; comparable RF-output watts not established. Catalog/manual identity; no exact trial extracted,L01,https://www.ya-man-tokyo-japan.com/,2026-10-02,S32 S33 S34 S35
D076,YA-MAN,Photo PLUS PLUS M,Home face RF,,,,,Prior inventory; RF unknown,Not disclosed / not verified,,Undisclosed,,,,,,Unverified for exact regional SKU,No numeric surface/dermal temperature verified,Not verified for this exact model,Carried forward from 2026-10-02 market census; comparable RF-output watts not established. Catalog/manual identity; no exact trial extracted,L01,https://www.ya-man-tokyo-japan.com/,2026-10-02,S32 S33 S34 S35
D077,YA-MAN,Photo PLUS EX Smooth S,Home face RF,,,,,Prior inventory; RF unknown,Not disclosed / not verified,,Undisclosed,,,,,,Unverified for exact regional SKU,No numeric surface/dermal temperature verified,Not verified for this exact model,Carried forward from 2026-10-02 market census; comparable RF-output watts not established. Catalog/manual identity; no exact trial extracted,L01,https://www.ya-man-tokyo-japan.com/,2026-10-02,S32 S33 S34 S35
D078,YA-MAN,Photo PLUS Smart,Home face RF,,,,,Prior inventory; RF unknown,Not disclosed / not verified,,Undisclosed,,,,,,Unverified for exact regional SKU,No numeric surface/dermal temperature verified,Not verified for this exact model,Carried forward from 2026-10-02 market census; comparable RF-output watts not established. Catalog/manual identity; no exact trial extracted,L01,https://www.ya-man-tokyo-japan.com/,2026-10-02,S32 S33 S34 S35
D079,YA-MAN,Bright Lift HRF40 / Bright Lift EX,Home face RF,,,,,Prior inventory; RF unknown,Not disclosed / not verified,,Undisclosed,,,,,,Unverified for exact regional SKU,No numeric surface/dermal temperature verified,Not verified for this exact model,Carried forward from 2026-10-02 market census; comparable RF-output watts not established. Catalog/manual identity; no exact trial extracted,L01,https://www.ya-man-tokyo-japan.com/,2026-10-02,S32 S33 S34 S35
D080,YA-MAN,Cavispa RF Core PLUS,Home body RF,,,,,Prior inventory; RF unknown,Not disclosed / not verified,,Undisclosed,,,,,,1 RF; 0.330MHz ultrasound,No numeric surface/dermal temperature verified,Not verified for this exact model,Carried forward from 2026-10-02 market census; comparable RF-output watts not established. Body/face combination; no direct human fat-loss inference,L01,https://www.ya-man.com/en/products/cavispa-rf-core-plus.php,2026-10-02,S30
D081,YA-MAN,Cavispa RF Core / RF Core EX / RF Core Premium,Home body RF,,,,,Prior inventory; RF unknown,Not disclosed / not verified,,Undisclosed,,,,,,Unverified exact variants,No numeric surface/dermal temperature verified,Not verified for this exact model,Carried forward from 2026-10-02 market census; comparable RF-output watts not established. Family discovery only,L01,https://www.ya-man-tokyo-japan.com/,2026-10-02,S32 S62
D082,TriPollar,STOP Vx2 / STOP Vx Gold2,Home face RF,,,,,Prior inventory; RF unknown,Not disclosed / not verified,,Undisclosed,,,,,,Triple-wave; exact carrier set unverified,Thermal mapping/orange indicator; numeric dermis not verified,Not verified for this exact model,Carried forward from 2026-10-02 market census; comparable RF-output watts not established. Original STOP study indirect to current variants,L01,https://uk.mytripollar.com/products/stop-vx-2,2026-10-02,S42 S43 S57
D083,TriPollar,STOP / STOP X Rose / V / Vx / Vx Gold / Desire,Home face RF,,,,,Prior inventory; RF unknown,Not disclosed / not verified,,Undisclosed,,,,,,Exact variant unverified,Model-specific optimal-temperature guidance,Not verified for this exact model,Carried forward from 2026-10-02 market census; comparable RF-output watts not established. Original 23-person STOP cohort only,L01,https://uk.mytripollar.com/pages/how-to-use,2026-10-02,S43 S57
D084,TriPollar,ENVIG EDGE,Home face RF,,,,,Prior inventory; RF unknown,Not disclosed / not verified,,Undisclosed,,,,,,Unverified,No depth-temperature mapping extracted,Not verified for this exact model,Carried forward from 2026-10-02 market census; comparable RF-output watts not established. Gel-free fractional RF marketing; non-needle not assumed equivalent,L01,https://mytripollar.com/collections/home-stop,2026-10-02,S44 S71
D085,TriPollar,STOP EYE / EYE2; POSE Vx body,Home face RF,,,,,Prior inventory; RF unknown,Not disclosed / not verified,,Undisclosed,,,,,,Unverified,Exact regional IFU required,Not verified for this exact model,Carried forward from 2026-10-02 market census; comparable RF-output watts not established. Specialized area variants,L01,https://uk.mytripollar.com/pages/how-to-use,2026-10-02,S43
D086,Medicube,AGE-R Ultra Tune40.68,Home face RF,,,,,Prior inventory; RF unknown,Not disclosed / not verified,,Undisclosed,,,,,,40.68 label/brand claim; independent output not measured,Numeric skin/dermal target not verified,Not verified for this exact model,Carried forward from 2026-10-02 market census; comparable RF-output watts not established. RF+MC human application-test marketing,L01,https://medicube.us/products/age-r-ultra-tune-40-68,2026-10-02,S46
D087,Professional,Reaction CORE (Sinclair),Professional RF,,,,,Prior inventory; RF unknown,Not disclosed / not verified,,Undisclosed,,,,,,0.8 /1.7 /2.45,Experimental thermal traces; not home target,Not verified for this exact model,Carried forward from 2026-10-02 market census; comparable RF-output watts not established. 2024 bench/animal and uncontrolled human study,L01,https://pmc.ncbi.nlm.nih.gov/articles/PMC11743280/,2026-10-02,S48
D088,Professional,POLARGEN / other40.68MHz unipolar platforms,Professional RF,,,,,Prior inventory; RF unknown,Not disclosed / not verified,,Undisclosed,,,,,,40.68,Protocol-specific; no universal target,Not verified for this exact model,Carried forward from 2026-10-02 market census; comparable RF-output watts not established. Small 2017 pilot;2026 single-arm study,L01,https://pubmed.ncbi.nlm.nih.gov/28557650/,2026-10-02,S49 S50
D089,YA-MAN,ACE fifth-generation golden five-ring (regional study identity),Home face RF,,,,,Prior inventory; RF unknown,Not disclosed / not verified,,Undisclosed,,,,,,0.5–2.5 (study table),Numeric target not disclosed in study table,Not verified for this exact model,Carried forward from 2026-10-02 market census; comparable RF-output watts not established. 2025 randomized 3-arm 90 enrolled 80 completed 4 weeks; bundle outcomes; no specific grant/conflicts declared,L01,https://onlinelibrary.wiley.com/doi/10.1111/jocd.70096,2026-10-02,S74
D090,Jmoon,Speed / Beauty Iron (study identity),Home face RF,,,,,Prior inventory; RF unknown,Not disclosed / not verified,,Undisclosed,,,,,,0.8–2.0 (study table),Temperature/current/motion sensors; no numeric target extracted,Not verified for this exact model,Carried forward from 2026-10-02 market census; comparable RF-output watts not established. Same 2025 3-arm RCT; combination energy,L01,https://onlinelibrary.wiley.com/doi/10.1111/jocd.70096,2026-10-02,S74
D091,EvenSkyn,Lumo+ (verify2026generation),Home face RF,,,,,Prior inventory; RF unknown,Not disclosed / not verified,,Undisclosed,,,,,,Exact carrier unverified,Brand dermis 60°C initially then 40–41.7°C after 20s; elsewhere 40–42°C,Not verified for this exact model,Carried forward from 2026-10-02 market census; comparable RF-output watts not established. RF/EMS/light marketing; no independent exact-model thermal map extracted,L01,https://www.evenskyn.com/pages/lumo-faqs,2026-10-02,S79
D092,Solta,Thermage FLX,Professional RF,400,,,,FDA specification,400 W,,Undisclosed,,,,,,6.78 MHz,Undisclosed,K170758,"Professional context. Platform maximum, mode and applicator matter; not a home protocol, continuous absorbed skin power, or efficacy ranking.",P48,https://www.accessdata.fda.gov/cdrh_docs/pdf17/K170758.pdf,2026-10-09,
D093,Lutronic,XERF · 6.78 MHz mode,Professional RF,400,,,,FDA specification,400 W,,Undisclosed,,,,,,6.78 MHz,Undisclosed,K251327,"Professional context. Platform maximum, mode and applicator matter; not a home protocol, continuous absorbed skin power, or efficacy ranking.",P49,https://www.accessdata.fda.gov/cdrh_docs/pdf25/K251327.pdf,2026-10-09,
D094,Lutronic,XERF · 2 MHz mode,Professional RF,300,,,,FDA specification,300 W,,Undisclosed,,,,,,2 MHz,Undisclosed,K251327,"Professional context. Platform maximum, mode and applicator matter; not a home protocol, continuous absorbed skin power, or efficacy ranking.",P49,https://www.accessdata.fda.gov/cdrh_docs/pdf25/K251327.pdf,2026-10-09,
D095,Classys,Volnewmer,Professional RF,115,,,,FDA specification,115 W,,Undisclosed,,,,,,6.78 MHz,Undisclosed,K240248,"Professional context. Platform maximum, mode and applicator matter; not a home protocol, continuous absorbed skin power, or efficacy ranking.",P50,https://www.accessdata.fda.gov/cdrh_docs/pdf24/K240248.pdf,2026-10-09,
D096,Wontech,Oligio,Professional RF,145,,,,FDA specification,145 W,,Undisclosed,,,,,,6.78 MHz,Undisclosed,K221989,"Professional context. Platform maximum, mode and applicator matter; not a home protocol, continuous absorbed skin power, or efficacy ranking.",P51,https://www.accessdata.fda.gov/cdrh_docs/pdf22/K221989.pdf,2026-10-09,
D097,Cynosure,TempSure wrinkle mode,Professional RF,120,,,,FDA specification,120 W,,Undisclosed,,,,,,4 MHz,Undisclosed,K171262 / K190678,"Professional context. Platform maximum, mode and applicator matter; not a home protocol, continuous absorbed skin power, or efficacy ranking.",P10 P71,https://www.accessdata.fda.gov/cdrh_docs/pdf17/K171262.pdf,2026-10-09,
D098,Cynosure,TempSure tissue-heating mode,Professional RF,300,,,,FDA specification,300 W,,Undisclosed,,,,,,4 MHz,Undisclosed,K171262 / K190678,"Professional context. Platform maximum, mode and applicator matter; not a home protocol, continuous absorbed skin power, or efficacy ranking.",P10 P71,https://www.accessdata.fda.gov/cdrh_docs/pdf17/K171262.pdf,2026-10-09,
D099,Cutera / Ilooda,Secret RF,Professional RF,25,,,500,FDA specification,25 W,,Undisclosed,,,,,,2 MHz,Undisclosed,K170325,"Professional context. Platform maximum, mode and applicator matter; not a home protocol, continuous absorbed skin power, or efficacy ranking.",P59,https://www.accessdata.fda.gov/cdrh_docs/pdf17/K170325.pdf,2026-10-09,
D100,Jeisys,Potenza,Professional RF,50,,,200,FDA specification,50 W,,Undisclosed,,,,,,1 / 2 MHz,Undisclosed,K192545 / K254185,"Professional context. Platform maximum, mode and applicator matter; not a home protocol, continuous absorbed skin power, or efficacy ranking.",P60 P61,https://www.accessdata.fda.gov/cdrh_docs/pdf19/K192545.pdf,2026-10-09,
D101,Jeisys,Potenza Prime,Professional RF,50,,,200,FDA specification,50 W,,Undisclosed,,,,,,1 / 2 MHz,Undisclosed,K254185,"Professional context. Platform maximum, mode and applicator matter; not a home protocol, continuous absorbed skin power, or efficacy ranking.",P61,https://www.accessdata.fda.gov/cdrh_docs/pdf25/K254185.pdf,2026-10-09,
D102,Lutronic,Genius,Professional RF,50,,,,FDA specification,50 W,,Undisclosed,,,,,,460 kHz,Undisclosed,K180945,"Professional context. Platform maximum, mode and applicator matter; not a home protocol, continuous absorbed skin power, or efficacy ranking.",P62,https://www.accessdata.fda.gov/cdrh_docs/pdf18/K180945.pdf,2026-10-09,
D103,EndyMed,PRO MAX platform,Professional RF,100,,,,FDA specification,100 W,,Undisclosed,,,,,,1 MHz,Undisclosed,K242996,"Professional context. Platform maximum, mode and applicator matter; not a home protocol, continuous absorbed skin power, or efficacy ranking.",P63,https://www.accessdata.fda.gov/cdrh_docs/pdf24/K242996.pdf,2026-10-09,
D104,Venus,Viva MD Diamondpolar,Professional RF,75,,,,FDA specification,75 W,,Undisclosed,,,,,,1 MHz,Undisclosed,K201164,"Professional context. Platform maximum, mode and applicator matter; not a home protocol, continuous absorbed skin power, or efficacy ranking.",P54,https://www.accessdata.fda.gov/cdrh_docs/pdf20/K201164.pdf,2026-10-09,
D105,Venus,Versa Pro Diamondpolar,Professional RF,75,,,,FDA specification,75 W,,Undisclosed,,,,,,1 MHz,Undisclosed,K232192,"Professional context. Platform maximum, mode and applicator matter; not a home protocol, continuous absorbed skin power, or efficacy ranking.",P55,https://www.accessdata.fda.gov/cdrh_docs/pdf23/K232192.pdf,2026-10-09,
D106,Venus,Versa Pro Octipolar,Professional RF,150,,,,FDA specification,150 W,,Undisclosed,,,,,,1 MHz,Undisclosed,K232192,"Professional context. Platform maximum, mode and applicator matter; not a home protocol, continuous absorbed skin power, or efficacy ranking.",P55,https://www.accessdata.fda.gov/cdrh_docs/pdf23/K232192.pdf,2026-10-09,
D107,Venus,NOVA Octipolar,Professional RF,150,,,,FDA specification,150 W,,Undisclosed,,,,,,1 MHz,Undisclosed,K252845,"Professional context. Platform maximum, mode and applicator matter; not a home protocol, continuous absorbed skin power, or efficacy ranking.",P56,https://www.accessdata.fda.gov/cdrh_docs/pdf25/K252845.pdf,2026-10-09,
D108,Venus,NOVA Diamondpolar,Professional RF,75,,,,FDA specification,75 W,,Undisclosed,,,,,,1 MHz,Undisclosed,K252845,"Professional context. Platform maximum, mode and applicator matter; not a home protocol, continuous absorbed skin power, or efficacy ranking.",P56,https://www.accessdata.fda.gov/cdrh_docs/pdf25/K252845.pdf,2026-10-09,
D109,InMode,Morpheus8 / cleared platform association,Professional RF,,,,,Output not assigned,Not disclosed / not verified,,Undisclosed,,,,,,Undisclosed,Undisclosed,Not verified for this exact model,FDA platform records preserved. Do not assign a platform total or predicate wattage to this named handpiece without a model/mode match.,P52 P53,https://www.accessdata.fda.gov/cdrh_docs/pdf18/K180189.pdf,2026-10-09,
D110,Pollogen,Legend X,Professional RF,,,,,Output not assigned,Not disclosed / not verified,,Undisclosed,,,,,,Undisclosed,Undisclosed,Not verified for this exact model,FDA platform records preserved. Do not assign a platform total or predicate wattage to this named handpiece without a model/mode match.,P57 P58,https://www.accessdata.fda.gov/cdrh_docs/pdf23/K232903.pdf,2026-10-09,
D111,Pollogen,Geneo X Elite,Professional RF,,,,,Output not assigned,Not disclosed / not verified,,Undisclosed,,,,,,Undisclosed,Undisclosed,Not verified for this exact model,FDA platform records preserved. Do not assign a platform total or predicate wattage to this named handpiece without a model/mode match.,P15 P16,https://www.accessdata.fda.gov/cdrh_docs/pdf23/K233766.pdf,2026-10-09,
D112,NIRA,Original Precision / Model 2 Pro,Other thermal / optical,,,,,Separate technology,Not disclosed / not verified,,Undisclosed,,,,,,1450 ±20 nm,Undisclosed,Not verified for this exact model,2 W maximum optical output; not RF watts. Retained from pasted thermal comparison; see original technology topic. Do not rank alongside RF output.,P11 P70,https://www.accessdata.fda.gov/cdrh_docs/pdf22/K222685.pdf,2026-10-09,
D113,Tria,FANp / older Age-Defying fractional laser,Other thermal / optical,,,,,Separate technology,Not disclosed / not verified,,Undisclosed,,,,,,1440 nm,Undisclosed,Not verified for this exact model,Retained from pasted thermal comparison; see original technology topic. Do not rank alongside RF output.,P12,https://www.accessdata.fda.gov/cdrh_docs/pdf14/K141868.pdf,2026-10-09,
D114,Merz,Ulthera System / Ultherapy PRIME,Other thermal / optical,,,,,Separate technology,Not disclosed / not verified,,Undisclosed,,,,,,Focused ultrasound,Undisclosed,Not verified for this exact model,Retained from pasted thermal comparison; see original technology topic. Do not rank alongside RF output.,P64 P65,https://www.accessdata.fda.gov/cdrh_docs/pdf23/K233996.pdf,2026-10-09,
D115,Sofwave,SUPERB platform,Other thermal / optical,,,,,Separate technology,Not disclosed / not verified,,Undisclosed,,,,,,Ultrasound,Undisclosed,Not verified for this exact model,Retained from pasted thermal comparison; see original technology topic. Do not rank alongside RF output.,P66 P67 P68 P69,https://www.accessdata.fda.gov/cdrh_docs/pdf21/K211483.pdf,2026-10-09,
D116,DermRays,Revive,Other thermal / optical,,,,,Separate technology,Not disclosed / not verified,,Undisclosed,,,,,,1064 nm,Undisclosed,Not verified for this exact model,Retained from pasted thermal comparison; see original technology topic. Do not rank alongside RF output.,P72,https://www.accessdata.fda.gov/cdrh_docs/pdf23/K231910.pdf,2026-10-09,
D117,DLUS,D3 optical lead,Other thermal / optical,,,,,Separate technology,Not disclosed / not verified,,Undisclosed,,,,,,1064 nm seller claim,Undisclosed,Not verified for this exact model,Retained from pasted thermal comparison; see original technology topic. Do not rank alongside RF output.,P78,https://halohk.com/collections/vendors?page=13&q=halohk,2026-10-09,
