id,product,brand,format,volume_ml,retail_usd,price_basis,transparency_score,confidence,active_mass_low_g,active_mass_base_g,active_mass_high_g,peptide_cost_low_usd,peptide_cost_base_usd,peptide_cost_high_usd,composition_status,peptide_breakdown,source_key,notes
to_argireline,Argireline Solution 10%,The Ordinary,serum,30,9.70,US official one-time price,5,medium,0.005,0.015,0.030,0.02,0.15,0.86,commercial-solution,Acetyl Hexapeptide-8: 10% commercial solution headline; modeled pure-equivalent 0.005/0.015/0.030 g; exact assay not published,TO-ARG;MC-ARG,The 10% label is the commercial Argireline solution level rather than verified pure peptide percentage.
to_matrixyl,Matrixyl 10% + HA,The Ordinary,serum,30,10.90,US official one-time price,4,medium,3.000,3.000,3.000,3.60,4.80,7.20,commercial-blend,Palmitoyl Tripeptide-1 + Palmitoyl Tetrapeptide-7: modeled 6% Matrixyl 3000 = 1.8 g; Palmitoyl Tripeptide-38: modeled 4% Synthe'6 = 1.2 g; 10% total premix,TO-MATRIX;TRULUX-M3000;TRULUX-S6;NEW-DIR-M3000;NEW-DIR-S6,"The 6%/4% split is a formulation-model assumption based on the historical product description and INCI, not current official assay disclosure."
to_multi_ha,Multi-Peptide + HA Serum,The Ordinary,serum,30,19.90,US official one-time price,2,low,0.300,1.500,3.300,0.20,1.20,4.00,undisclosed-blend,Acetyl Hexapeptide-8; Pentapeptide-18; Palmitoyl Tripeptide-1; Palmitoyl Tetrapeptide-7; Palmitoyl Tripeptide-38; Dipeptide Diaminobutyroyl Benzylamide Diacetate; Acetylarginyltryptophyl Diphenylglycine: amounts not disclosed; modeled 0.3/1.5/3.3 g total commercial premix,TO-HA,Individual amounts and total peptide-complex loading are not published on the current official page.
to_copper,Multi-Peptide + Copper Peptides 1%,The Ordinary,serum,30,32.00,US official one-time price,3,low,0.180,0.450,0.900,0.30,2.00,12.00,headline-complex,"GHK-Cu/Copper Tripeptide-1; Acetyl Hexapeptide-8; Pentapeptide-18; Palmitoyl Tripeptide-1; Palmitoyl Tetrapeptide-7; Palmitoyl Tripeptide-38; Dipeptide Diaminobutyroyl Benzylamide Diacetate; Acetylarginyltryptophyl Diphenylglycine: 1% copper-peptide technology headline, not verified pure GHK-Cu; modeled 0.18/0.45/0.90 g peptide-equivalent",TO-COPPER,"The product name says 1% copper peptides, but the formula does not establish that this is 1% pure Copper Tripeptide-1."
to_gf15,GF 15% Solution,The Ordinary,serum,30,15.50,US official one-time price,4,low,4.500,4.500,4.500,2.25,9.00,22.50,commercial-growth-factor-solution,Plant-made biomimetic EGF/IGF/TGF technologies: 15% solution = 4.5 g commercial solution; pure protein/peptide content not published,TO-GF,Cost proxy uses a wide proprietary-growth-factor solution range; not a pure-peptide price.
gm_super,Super Peptide Serum,Good Molecules,serum,30,12.00,US official catalog price,5,high,0.001650,0.001650,0.001650,0.01,0.12,0.50,ppm-disclosed,Acetyl Hexapeptide-8: 25 ppm = 0.75 mg; Acetyl Octapeptide-3: 25 ppm = 0.75 mg; Copper Tripeptide-1: 5 ppm = 0.15 mg; total disclosed peptide mass 1.65 mg,GM-SUPER,This is the clearest final-formula dose disclosure in the scan; cost range still reflects different raw-material grades and scale.
gm_copper_pdrn,Copper Peptide Serum with PDRN,Good Molecules,serum,30,12.00,US official catalog price,3,low,0.030,0.090,0.150,3.28,3.28,3.28,indexed-not-official,"GHK-Cu/Copper Tripeptide-1: independently indexed at 0.1% = 30 mg but not officially disclosed; Caprooyl Tetrapeptide-3 and Tridecapeptide-1: amounts unknown; Sodium DNA/rose PDRN: amount unknown, modeled 0.2% = 60 mg base; total modeled active mass 0.03/0.09/0.15 g",GM-COPPER;GM-PDRN;PRICE-PDRN-COS;SKINSORT,"Best input cost uses formulation-grade replacement materials: a potency-matched 1% GHK-Cu suspension, cosmetic PDRN powder benchmark, Caprooyl Tetrapeptide-3 suspension, and a small category allowance for Tridecapeptide-1."
gng_power,Power Peptides,Geek & Gorgeous,serum,30,18.80,US official price snapshot,5,high,2.700,2.700,2.700,4.18,4.18,4.18,commercial-technologies,Matrixyl 3000: 3% = 0.9 g; Matrixyl Synthe'6: 2% = 0.6 g; TEGO PEP 4-17/Tetrapeptide-21: 4% = 1.2 g; X50 Antiaging/Copper Palmitoyl Heptapeptide-14: 0.001% = 0.0003 g,GG-POWER;TRULUX-M3000;NEW-DIR-S6;TEGO-ESCENTIALS;X50-TECH;X50-PRODUCT,All four use levels are official. TEGO now uses a matched cosmetic-solution pack ladder; research vials and pure-peptide proxies are excluded.
theramid_copper,Copper Peptide 3%,Theramid,serum,30,49.00,EUR 44.95 converted at approx. 1.09 USD/EUR,4,medium,4.800,4.800,4.800,7.50,18.90,56.60,pure-plus-complex,GHK-Cu/Copper Tripeptide-1: 3% = 0.9 g claimed pure copper peptide; additional peptide complex: 13% = 3.9 g; named peptides include Acetyl Hexapeptide-1; Acetyl Tetrapeptide-2; Trifluoroacetyl Tripeptide-2; Palmitoyl Tripeptide-1; Palmitoyl Tetrapeptide-7; Palmitoyl Hexapeptide-12; Palmitoyl Tripeptide-5; Palmitoyl Pentapeptide-4; Tripeptide-2; Acetyl Hexapeptide-8; Hexapeptide-9; additional INCI peptides,THERAMID-COPPER;GHK-RAW,"The official 3% and 13% claims are clear, but the 13% is an additional peptide complex and the supplier identity/assay is not published."
theramid_derma,Derma-Peptides 35%,Theramid,serum,30,36.00,EUR 32.95 converted at approx. 1.09 USD/EUR,4,medium,10.500,10.500,10.500,8.00,31.50,84.00,commercial-technologies,Matrixyl 3000 5% = 1.5 g; Matrixyl Synthe'6 3% = 0.9 g; Matrixyl Morphomics 3% = 0.9 g; Munapsys 5% = 1.5 g; BIO GF Complex 8% = 2.4 g; Melanostatine 4% = 1.2 g; Nutecyl 3% = 0.9 g; Skinarch 2% = 0.6 g; Neoclair Pro 2% = 0.6 g; 35% total commercial technologies,THERAMID-DERMA;TRULUX-M3000;TRULUX-S6,"All component percentages are commercial technology levels; most raw prices are private, so this row has a wide range."
medik8_advanced,Liquid Peptides Advanced MP,Medik8,serum,30,95.00,US official price,4,medium,9.000,9.000,9.000,9.00,36.00,90.00,commercial-complex,13 age-defying peptides including Matrixyl 3000 components; copper peptides; GF MiniProtein; Expression Line MiniProtein; 30% multi-peptide complex = 9 g commercial complex,MEDIK8,"The official page discloses the 30% complex and 13-peptide count, not each peptide concentration or raw-material identity."
paulas_choice,Pro-Collagen Multi-Peptide Booster,Paula's Choice,serum,20,59.00,US retail benchmark,2,low,0.010,0.050,0.300,0.15,2.50,15.00,undisclosed-blend,Six pro-collagen peptides: identities and individual concentrations not disclosed; modeled 0.01/0.05/0.30 g total peptide-equivalent,PAULAS,The product's six-peptide count is official; the mass and identities are not publicly itemized enough for a precise raw-cost calculation.
naturium,Naturium Multi-Peptide Advanced Serum,Naturium,serum,30,25.00,US official price,2,low,0.003,0.030,0.150,0.03,0.75,4.50,undisclosed-blend,Acetyl Hexapeptide-8; Copper Palmitoyl Heptapeptide-14; Palmitoyl sh-Hexapeptide-13 Serine SP Amide: amounts not disclosed; modeled 0.003/0.030/0.150 g total peptide-equivalent,NATURIUM,Encapsulation and delivery may add cost but no public material price or assay was found.
minimalist,Multi-Peptides 10%,Minimalist,serum,30,12.99,US authorized-retailer price,4,medium,3.000,3.000,3.000,2.80,5.20,9.40,commercial-blend,Matrixyl 3000: 7% = 2.1 g; Bio-Placenta/growth-factor-style complex: 3% = 0.9 g; 10% total commercial blends,MINIMALIST,The two percentages are brand/retailer claims; the Bio-Placenta complex's peptide assay is not public.
inkey,Collagen Peptide Serum,The INKEY List,serum,30,17.00,US official price,4,medium,0.600,0.600,0.600,0.64,1.30,2.50,commercial-blend,Matrixyl 3000: 1% = 0.3 g; SYN-TACKS: 1% = 0.3 g; total 2% commercial peptide technologies,INKEY,"The complex percentages are disclosed, but individual pure-peptide assays are not."
timeless_m3000,Matrixyl 3000 Serum,Timeless,serum,30,27.95,US official price,4,medium,2.400,2.400,2.400,2.74,4.20,5.54,commercial-blend,Matrixyl 3000: 8% = 2.4 g; Palmitoyl Tripeptide-1 + Palmitoyl Tetrapeptide-7 within the premix; HA is not counted,TIMELESS-M3000;TRULUX-M3000,"8% refers to the commercial Matrixyl 3000 blend, not 8% pure peptide."
timeless_s6,Matrixyl Synthe'6 Serum,Timeless,serum,30,28.95,US official price,4,medium,0.600,0.600,0.600,0.76,1.00,1.52,commercial-blend,Matrixyl Synthe'6: 2% = 0.6 g; Palmitoyl Tripeptide-38 within the premix,TIMELESS-S6;TRULUX-S6,"2% refers to the commercial Synthe'6 solution, not 2% pure Palmitoyl Tripeptide-38."
cosrx_blue,COSRX Blue Peptide Bakuchiol Plump Glow Serum,COSRX,serum,50,27.00,US official price,2,low,0.010,0.050,0.100,0.02,0.40,2.00,undisclosed-blend,Copper Tripeptide-1 plus five additional named peptides; amounts not disclosed; modeled 0.01/0.05/0.10 g total peptide-equivalent,COSRX-BLUE,"Peptide contribution cannot be separated from bakuchiol, niacinamide, panthenol, HA, and the rest of the formula."
cosrx_six,The 6 Peptide Skin Booster Serum,COSRX,serum,150,25.00,US official price,2,low,0.025,0.100,0.250,0.05,0.70,3.75,undisclosed-blend,Acetyl Hexapeptide-8; Copper Tripeptide-1; sh-Polypeptide-121; SYN-AKE; Oligopeptide-68; Palmitoyl Tripeptide-8: amounts not disclosed; modeled total peptide-equivalent 0.025/0.100/0.250 g,COSRX-SIX,"The unusually large 150 mL format makes the retail $/mL attractive, but not necessarily the peptide $/mL because dosage is unknown."
dermae,Advanced Peptides & Flora-Collagen Serum,DERMA E,serum,30,31.95,US official price,2,low,0.005,0.030,0.100,0.02,0.30,1.50,undisclosed-blend,Acetyl Hexapeptide-8; Palmitoyl Tripeptide-38; additional botanical/collagen support; amounts not disclosed; modeled total peptide-equivalent 0.005/0.030/0.100 g,DERMAE,The public finished-product results are not peptide-isolated and do not disclose active mass.
drunk_elephant,Protini Polypeptide Cream,Drunk Elephant,cream,50,72.00,US official price,2,low,0.020,0.080,0.200,0.04,0.60,3.00,undisclosed-blend,Nine signal peptides including sh-Oligopeptide-1; sh-Oligopeptide-2; sh-Polypeptide-1; sh-Polypeptide-9; sh-Polypeptide-11; Copper Palmitoyl Heptapeptide-14; Heptapeptide-15 Palmitate; Palmitoyl Tetrapeptide-7; Palmitoyl Tripeptide-1; amounts not disclosed,DRUNK-ELEPHANT,"The 50 mL cream is included because it is a top-rated peptide formulation, but its peptide cost is only a broad proxy."
peach_lily,Copper Peptide Pro Firming Serum,Peach & Lily,serum,30,49.00,US official price,5,high,0.060,0.060,0.060,0.24,0.48,1.71,concentration-disclosed,Copper peptide: official 0.2% = 0.06 g; other peptides/co-actives not used in the headline cost,PEACH-LILY;GHK-RAW,"The 0.2% label is clear, but whether the copper material is pure Copper Tripeptide-1 or a complex is not fully specified in the product copy."
niod_cais3,CAIS3 Copper Amino Isolate Serum 3 1:1,NIOD,serum,15,74.00,US official price for 15 mL,5,high,0.300,0.300,0.300,0.90,3.30,12.00,concentration-disclosed,GHK-Cu: 1% = 0.15 g; GHK peptide: 1% = 0.15 g; additional Tripeptide-29; Myristoyl Nonapeptide-3; Trifluoroacetyl Tripeptide-2; Acetyl Tetrapeptide-2 not quantified,NIOD;GHK-RAW,The official page clearly states 1% GHK-Cu plus 1% GHK; the remaining peptides are not quantified.
allies_copper,Copper Tripeptide & Ectoin Advanced Repair Serum,Allies of Skin,serum,30,199.00,US official price,5,medium,1.500,1.500,1.500,1.50,5.40,18.00,commercial-complex,1% Copper Tripeptide Complex = 0.3 g; 2% Acetyl Hexapeptide-8 Complex = 0.6 g; 2% Copper Lysinate Complex = 0.6 g; 2% Ectoin excluded from peptide subtotal,ALLIES,The brand discloses complex percentages but not the pure peptide fraction of each complex.
qa_multi,Q+A Multi-Peptide Facial Serum,Q+A,serum,30,13.00,US official price,2,low,0.010,0.030,0.100,0.03,0.30,1.50,undisclosed-blend,Palmitoyl Tripeptide-1; Palmitoyl Tetrapeptide-7; Acetyl Hexapeptide-1; sh-Polypeptide-69; amounts not disclosed; modeled total peptide-equivalent 0.010/0.030/0.100 g,QA,"INCI order shows presence, not concentration; the cost range is a generic low-dose multi-peptide proxy."
