k_number,decision_date,applicant,device_name,models,product_codes,stimulation_area,led_indication,wavelengths_nm,irradiance_mw_cm2,predicate_or_reference,subject_device_clinical_testing,local_fda_pdf,source_url,interpretation_note
K241718,2024-10-28,Shenzhen Aozemei Technology Co. Ltd,Micro-current Facial Beauty Device,"AM-810B; AM-810W; AM-812B; AM-812W","OHS; OLP",facial,"facial wrinkles; mild to moderate inflammatory acne","amber 605±10; red 630±10; blue 415±10","amber 15; red 2.5; blue 1.4","K171821; K232795 reference","No new subject-device clinical study described; nonclinical/equivalence basis",source_docs/FDA_510k_K241718_Microcurrent_LED.pdf,https://www.accessdata.fda.gov/cdrh_docs/pdf24/K241718.pdf,"Filing gives a family-level indication; exact mode-to-model implementation still requires IFU"
K252142,2025-12-05,Shenzhen Siken 3D Technology Development Co. Ltd,Multi-functional Facial Beauty Device,SKB-1909,"OHS; OLP",entire face,"red: facial wrinkles; blue: mild to moderate inflammatory acne","red 630±10; blue 460±10","red 2.3; blue 1.33","K190443; K241718; K213039 reference","No new subject-device clinical study described",source_docs/FDA_510k_K252142_Multifunction_LED.pdf,https://www.accessdata.fda.gov/cdrh_docs/pdf25/K252142.pdf,"Only SKB-1909 in this filing has both red-wrinkle and blue-acne indications"
K252142,2025-12-05,Shenzhen Siken 3D Technology Development Co. Ltd,Multi-functional Facial Beauty Device,SKB-1703,"OHS; OLP",entire face,"blue: mild to moderate inflammatory acne",blue 460±10,blue 1.33,"K190443; K241718; K213039 reference","No new subject-device clinical study described",source_docs/FDA_510k_K252142_Multifunction_LED.pdf,https://www.accessdata.fda.gov/cdrh_docs/pdf25/K252142.pdf,"Blue-only indication group"
K252142,2025-12-05,Shenzhen Siken 3D Technology Development Co. Ltd,Multi-functional Facial Beauty Device,"SKB-1803; SKB-1809; SKB-2109; SKB-2129; SKB-2208PRO; SKB-2209","OHS; OLP",entire face,"red: facial wrinkles",red 630±10,red 2.3,"K190443; K241718; K213039 reference","No new subject-device clinical study described",source_docs/FDA_510k_K252142_Multifunction_LED.pdf,https://www.accessdata.fda.gov/cdrh_docs/pdf25/K252142.pdf,"The FDA indication page contains one SBK/SKB typographic inconsistency; normalized to SKB"
K252187,2025-12-23,Aura Medical LLC,Aura Glide,FC40,"NFO; OHS; OLP",facial,"red: periorbital wrinkles; blue: mild to moderate inflammatory acne","red 633±10; blue 415±10",NR,K171821,"Clinical testing not needed for substantial equivalence per public summary",source_docs/FDA_510k_K252187_Aura_Glide.pdf,https://www.accessdata.fda.gov/cdrh_docs/pdf25/K252187.pdf,"Microcurrent is facial stimulation; LED indications are separate"
K252642,2025-11-19,Shenzhen Dachi communication Co. Ltd,Microcurrent Facial Device,CEC101,"OHS on cover; OHS/OLP in summary",facial,"red: facial wrinkles; blue: mild to moderate inflammatory acne","red 622±10; blue 415±10","red 0.77; blue 0.75","K241718; K223919; K232795 and K242385 references","No new subject-device clinical study described",source_docs/FDA_510k_K252642_Microcurrent_Facial.pdf,https://www.accessdata.fda.gov/cdrh_docs/pdf25/K252642.pdf,"Preserves cover-versus-summary product-code discrepancy"
K252642,2025-11-19,Shenzhen Dachi communication Co. Ltd,Microcurrent Facial Device,EEI101,"OHS on cover; OHS/OLP in summary","facial; neck; body","red: facial wrinkles; blue or mixed: mild to moderate inflammatory acne","red 622±10; blue 415±10","red 1.43; blue 1.12; mixed 1.81","K241718; K223919; K232795 and K242385 references","No new subject-device clinical study described",source_docs/FDA_510k_K252642_Microcurrent_Facial.pdf,https://www.accessdata.fda.gov/cdrh_docs/pdf25/K252642.pdf,"Body scope applies to stimulation; LED wrinkle/acne wording remains facial"
K253833,2026-01-30,Shenzhen Jianchao Intelligent Technology Co. Ltd,Facial & Body Beauty Device,"INIA-BD001; INIA-BD002; INIA-BD003; INIA-BD004; F2C15; F3222 Pro; F5516; F3606; F2210 Pro; F5808","OHS; OLP; NFO","facial; body","red: periorbital wrinkles; blue: mild to moderate inflammatory acne","red 630±10; blue 470±10","red 2.3; blue 4.48","K241718; K171821; K210545","Not applicable; nonclinical/equivalence basis",source_docs/FDA_510k_K253833_Facial_Body_Beauty.pdf,https://www.accessdata.fda.gov/cdrh_docs/pdf25/K253833.pdf,"Ten-model red-plus-blue group"
K253833,2026-01-30,Shenzhen Jianchao Intelligent Technology Co. Ltd,Facial & Body Beauty Device,"INIA-ED001; INIA-ED002; INIA-BLD001; E1507","OHS; OLP; NFO","facial; body","red: periorbital wrinkles",red 630±10,red 2.3,"K241718; K171821; K210545","Not applicable; nonclinical/equivalence basis",source_docs/FDA_510k_K253833_Facial_Body_Beauty.pdf,https://www.accessdata.fda.gov/cdrh_docs/pdf25/K253833.pdf,"Four-model red-only indication group despite filing-level OLP code"
