study_id,study_name,goal,time_months,endpoint,assessor,arm,rate_pct,numerator,denominator,ci_low,ci_high,evidence_class,caveat
P030050_S039,"FDA pivotal cheek-wrinkle trial",cheek wrinkles,1,"Any GAIS improvement in both cheeks",treating investigator,Sculptra,68.1,64,94,57.7,77.3,"randomized controlled; unblinded assessor","Global rating; no concurrent control GAIS collected until month 7"
P030050_S039,"FDA pivotal cheek-wrinkle trial",cheek wrinkles,2,"Any GAIS improvement in both cheeks",treating investigator,Sculptra,89.7,78,87,81.3,95.2,"randomized controlled; unblinded assessor","Global rating; no concurrent control GAIS collected until month 7"
P030050_S039,"FDA pivotal cheek-wrinkle trial",cheek wrinkles,3,"Any GAIS improvement in both cheeks",treating investigator,Sculptra,96.3,78,81,89.6,99.2,"randomized controlled; unblinded assessor","Global rating; no concurrent control GAIS collected until month 7"
P030050_S039,"FDA pivotal cheek-wrinkle trial",cheek wrinkles,7,"At least 1-grade GCWS improvement in both cheeks",blinded live evaluator,Sculptra,66.2,51,77,54.6,76.6,"randomized controlled; blinded secondary endpoint","Observed-case analysis"
P030050_S039,"FDA pivotal cheek-wrinkle trial",cheek wrinkles,7,"At least 1-grade GCWS improvement in both cheeks",blinded live evaluator,no treatment,38.6,17,44,24.4,54.5,"randomized controlled; blinded secondary endpoint","Observed-case analysis"
P030050_S039,"FDA pivotal cheek-wrinkle trial",cheek wrinkles,7,"Any GAIS improvement in both cheeks",treating investigator,Sculptra,96.1,74,77,89.0,99.2,"randomized controlled; unblinded assessor","Global rating"
P030050_S039,"FDA pivotal cheek-wrinkle trial",cheek wrinkles,7,"Any GAIS improvement in both cheeks",treating investigator,no treatment,6.8,3,44,1.4,18.7,"randomized controlled; unblinded assessor","Global rating"
P030050_S039,"FDA pivotal cheek-wrinkle trial",cheek wrinkles,9,"Any GAIS improvement in both cheeks",treating investigator,Sculptra,92.9,79,85,85.3,97.4,"randomized controlled; unblinded assessor","Global rating"
P030050_S039,"FDA pivotal cheek-wrinkle trial",cheek wrinkles,9,"Any GAIS improvement in both cheeks",treating investigator,no treatment,4.4,2,45,0.5,15.2,"randomized controlled; unblinded assessor","Global rating"
P030050_S039,"FDA pivotal cheek-wrinkle trial",cheek wrinkles,9,"At least 1-grade GCWS improvement in both cheeks",blinded live evaluator,Sculptra,70.6,60,85,59.7,80.0,"randomized controlled; blinded secondary endpoint","Observed-case analysis"
P030050_S039,"FDA pivotal cheek-wrinkle trial",cheek wrinkles,9,"At least 1-grade GCWS improvement in both cheeks",blinded live evaluator,no treatment,31.1,14,45,18.2,46.6,"randomized controlled; blinded secondary endpoint","Observed-case analysis"
P030050_S039,"FDA pivotal cheek-wrinkle trial",cheek wrinkles,12,"At least 1-grade GCWS improvement in both cheeks",blinded live evaluator,Sculptra,70.7,,,61.1,80.4,"randomized controlled; blinded primary endpoint","Multiple-imputation estimate; observed cases 63/88 (71.6%)"
P030050_S039,"FDA pivotal cheek-wrinkle trial",cheek wrinkles,12,"At least 1-grade GCWS improvement in both cheeks",blinded live evaluator,no treatment,25.9,,,13.4,38.3,"randomized controlled; blinded primary endpoint","Multiple-imputation estimate; observed cases 12/46 (26.1%)"
P030050_S039,"FDA pivotal cheek-wrinkle trial",cheek wrinkles,12,"Any GAIS improvement in both cheeks",treating investigator,Sculptra,94.3,83,88,87.2,98.1,"randomized controlled; unblinded assessor","Global rating"
P030050_S039,"FDA pivotal cheek-wrinkle trial",cheek wrinkles,12,"Any GAIS improvement in both cheeks",treating investigator,no treatment,4.3,2,46,0.5,14.8,"randomized controlled; unblinded assessor","Global rating"
P030050_S039,"FDA pivotal cheek-wrinkle trial",cheek wrinkles,1,"Any GAIS improvement in both cheeks",subject,Sculptra,57.4,54,94,46.8,67.6,"randomized controlled; patient reported","Global rating; no concurrent control GAIS collected until month 7"
P030050_S039,"FDA pivotal cheek-wrinkle trial",cheek wrinkles,2,"Any GAIS improvement in both cheeks",subject,Sculptra,79.3,69,87,69.3,87.3,"randomized controlled; patient reported","Global rating; no concurrent control GAIS collected until month 7"
P030050_S039,"FDA pivotal cheek-wrinkle trial",cheek wrinkles,3,"Any GAIS improvement in both cheeks",subject,Sculptra,88.9,72,81,80.0,94.8,"randomized controlled; patient reported","Global rating; no concurrent control GAIS collected until month 7"
P030050_S039,"FDA pivotal cheek-wrinkle trial",cheek wrinkles,7,"Any GAIS improvement in both cheeks",subject,Sculptra,93.5,72,77,85.5,97.9,"randomized controlled; patient reported","Global rating"
P030050_S039,"FDA pivotal cheek-wrinkle trial",cheek wrinkles,7,"Any GAIS improvement in both cheeks",subject,no treatment,7.0,3,43,1.5,19.1,"randomized controlled; patient reported","Global rating"
P030050_S039,"FDA pivotal cheek-wrinkle trial",cheek wrinkles,9,"Any GAIS improvement in both cheeks",subject,Sculptra,89.4,76,85,80.9,95.0,"randomized controlled; patient reported","Global rating"
P030050_S039,"FDA pivotal cheek-wrinkle trial",cheek wrinkles,9,"Any GAIS improvement in both cheeks",subject,no treatment,6.8,3,44,1.4,18.7,"randomized controlled; patient reported","Global rating"
P030050_S039,"FDA pivotal cheek-wrinkle trial",cheek wrinkles,12,"Any GAIS improvement in both cheeks",subject,Sculptra,92.0,81,88,84.3,96.7,"randomized controlled; patient reported","Global rating"
P030050_S039,"FDA pivotal cheek-wrinkle trial",cheek wrinkles,12,"Any GAIS improvement in both cheeks",subject,no treatment,6.5,3,46,1.4,17.9,"randomized controlled; patient reported","Global rating"
P030050_S039,"FDA pivotal cheek-wrinkle trial",cheek wrinkles,12,"Correctly identify month-12 photograph",independent photographic reviewer,Sculptra,37.0,,,,,"randomized controlled; blinded photo review","2D photo discrimination; denominator not reported in SSED summary"
P030050_S039,"FDA pivotal cheek-wrinkle trial",cheek wrinkles,12,"Correctly identify month-12 photograph",independent photographic reviewer,no treatment,16.0,,,,,"randomized controlled; blinded photo review","2D photo discrimination; denominator not reported in SSED summary"
P030050_S039_extension,"FDA pivotal cheek-wrinkle extension",cheek wrinkles,19,"Any GAIS improvement",treating investigator,Sculptra,97.0,64,66,89.5,99.6,"prospective extension; selected completers","Original treatment group; no treatment during extension"
P030050_S039_extension,"FDA pivotal cheek-wrinkle extension",cheek wrinkles,19,"Any GAIS improvement",subject,Sculptra,86.6,58,67,76.0,93.7,"prospective extension; selected completers","Original treatment group; no treatment during extension"
P030050_S039_extension,"FDA pivotal cheek-wrinkle extension",cheek wrinkles,21,"Any GAIS improvement",treating investigator,Sculptra,96.9,63,65,89.3,99.6,"prospective extension; selected completers","Original treatment group; no treatment during extension"
P030050_S039_extension,"FDA pivotal cheek-wrinkle extension",cheek wrinkles,21,"Any GAIS improvement",subject,Sculptra,93.8,61,65,85.0,98.3,"prospective extension; selected completers","Original treatment group; no treatment during extension"
P030050_S039_extension,"FDA pivotal cheek-wrinkle extension",cheek wrinkles,24,"Any GAIS improvement",treating investigator,Sculptra,93.8,61,65,85.0,98.3,"prospective extension; selected completers","Original treatment group; no treatment during extension"
P030050_S039_extension,"FDA pivotal cheek-wrinkle extension",cheek wrinkles,24,"Any GAIS improvement",subject,Sculptra,86.2,56,65,75.3,93.5,"prospective extension; selected completers","Original treatment group; no treatment during extension"
43USSA1705,"Randomized 5 mL versus immediate-use 8 mL NLF study",nasolabial folds,11.1,"At least 1-grade WAS improvement",blinded evaluator,"Sculptra 8 mL",74.1,43,58,61.0,84.7,"randomized active comparison","Week 48 converted to 11.1 months; not placebo controlled"
43USSA1705,"Randomized 5 mL versus immediate-use 8 mL NLF study",nasolabial folds,3.7,"At least 1-grade WAS improvement",blinded evaluator,"Sculptra 8 mL",75.4,43,57,62.2,85.9,"randomized active comparison","Week 16 converted to 3.7 months; not placebo controlled"
43USSA1705,"Randomized 5 mL versus immediate-use 8 mL NLF study",nasolabial folds,5.5,"At least 1-grade WAS improvement",blinded evaluator,"Sculptra 8 mL",75.9,44,58,62.8,86.1,"randomized active comparison","Week 24 converted to 5.5 months; not placebo controlled"
43USSA1705,"Randomized 5 mL versus immediate-use 8 mL NLF study",nasolabial folds,7.4,"At least 1-grade WAS improvement",blinded evaluator,"Sculptra 8 mL",67.3,37,55,53.3,79.3,"randomized active comparison","Week 32 converted to 7.4 months; not placebo controlled"
43USSA1705,"Randomized 5 mL versus immediate-use 8 mL NLF study",nasolabial folds,9.2,"At least 1-grade WAS improvement",blinded evaluator,"Sculptra 8 mL",78.0,46,59,65.3,87.7,"randomized active comparison","Week 40 converted to 9.2 months; not placebo controlled"
43USSA1705,"Randomized 5 mL versus immediate-use 8 mL NLF study",nasolabial folds,3.7,"At least 1-grade WAS improvement",blinded evaluator,"Sculptra 5 mL",95.2,20,21,76.2,99.9,"randomized active comparison","Week 16 converted to 3.7 months; reconstitution comparator, not untreated control"
43USSA1705,"Randomized 5 mL versus immediate-use 8 mL NLF study",nasolabial folds,5.5,"At least 1-grade WAS improvement",blinded evaluator,"Sculptra 5 mL",81.0,17,21,58.1,94.6,"randomized active comparison","Week 24 converted to 5.5 months; reconstitution comparator, not untreated control"
43USSA1705,"Randomized 5 mL versus immediate-use 8 mL NLF study",nasolabial folds,7.4,"At least 1-grade WAS improvement",blinded evaluator,"Sculptra 5 mL",81.0,17,21,58.1,94.6,"randomized active comparison","Week 32 converted to 7.4 months; reconstitution comparator, not untreated control"
43USSA1705,"Randomized 5 mL versus immediate-use 8 mL NLF study",nasolabial folds,9.2,"At least 1-grade WAS improvement",blinded evaluator,"Sculptra 5 mL",81.0,17,21,58.1,94.6,"randomized active comparison","Week 40 converted to 9.2 months; reconstitution comparator, not untreated control"
43USSA1705,"Randomized 5 mL versus immediate-use 8 mL NLF study",nasolabial folds,11.1,"At least 1-grade WAS improvement",blinded evaluator,"Sculptra 5 mL",66.7,14,21,43.0,85.4,"randomized active comparison","Week 48 converted to 11.1 months; reconstitution comparator, not untreated control"
NCT00444210,"Sculptra versus human collagen NLF trial",nasolabial folds,13,"Overall subject global improvement",subject,Sculptra,91.0,106,116,,,"randomized subject-blinded active comparison","Secondary endpoint; rounded abstract value"
NCT00444210,"Sculptra versus human collagen NLF trial",nasolabial folds,13,"Overall subject global improvement",subject,human collagen,15.0,117,117,,,"randomized subject-blinded active comparison","Secondary endpoint; abstract reports decline to 15%"
NCT00444210_extension,"Sculptra versus human collagen NLF trial extension",nasolabial folds,25,"Overall subject global improvement",subject,Sculptra,81.0,,,,,"single-arm extension of randomized trial","Attrition and extension selection limit direct comparison"
