source_id,panel,panel_height_in,panel_width_in,led_count,claimed_or_measured_beam_deg,evidence_tier,meter_method,point_type,distance_in,irradiance_mw_cm2,source_url,notes
bestqool_lightlab,Bestqool Pro300,36.4,13.5,300,,accredited_lab,Gigahertz-Optik BTS2048-VL-TEC spectral irradiance meter,center,3,106,https://manuals.plus/m/1f6c5530043c6b5ec7e207cd20c205ad0841ef0ecee2e9d40f26befd08b15c4a,LightLab report LLIA002330-004; 500 W wall consumption
bestqool_lightlab,Bestqool Pro300,36.4,13.5,300,,accredited_lab,Gigahertz-Optik BTS2048-VL-TEC spectral irradiance meter,center,6,68.9,https://manuals.plus/m/1f6c5530043c6b5ec7e207cd20c205ad0841ef0ecee2e9d40f26befd08b15c4a,LightLab report LLIA002330-004; 500 W wall consumption
bestqool_lightlab,Bestqool Pro300,36.4,13.5,300,,accredited_lab,Gigahertz-Optik BTS2048-VL-TEC spectral irradiance meter,center,12,58.97,https://manuals.plus/m/1f6c5530043c6b5ec7e207cd20c205ad0841ef0ecee2e9d40f26befd08b15c4a,LightLab report LLIA002330-004; 500 W wall consumption
helio_lightlab,Helio Glow,29.9,11.8,216,18.7,accredited_lab,Gigahertz-Optik BTS2048 visible and NIR spectral irradiance meters; 231-point grid,center,6,71.72,https://heliocure.com/pages/independent-testing,LightLab report LLIA002905-002; measured beam angle 18.7 degrees and field angle about 29 degrees
helio_lightlab,Helio Glow,29.9,11.8,216,18.7,accredited_lab,Gigahertz-Optik BTS2048 visible and NIR spectral irradiance meters; 231-point grid,center,12,75.01,https://heliocure.com/pages/independent-testing,LightLab report LLIA002905-002; non-monotonic center reading is reproduced as reported
helio_lightlab,Helio Glow,29.9,11.8,216,18.7,accredited_lab,Gigahertz-Optik BTS2048 visible and NIR spectral irradiance meters; 231-point grid,center,24,65.25,https://heliocure.com/pages/independent-testing,LightLab report LLIA002905-002
helio_lightlab,Helio Glow,29.9,11.8,216,18.7,accredited_lab,Gigahertz-Optik BTS2048 visible and NIR spectral irradiance meters; 231-point grid,center,36,49.38,https://heliocure.com/pages/independent-testing,LightLab report LLIA002905-002
rlr_reviewer,Red Light Rising Advantage1500,,,500,30,independent_reviewer,Handheld spectrometer; reviewer method,center,6,60,https://www.lighttherapyinsiders.com/red-light-therapy-treatment-protocols/,Reviewer discloses affiliate commissions; older panel generation
rlr_reviewer,Red Light Rising Advantage1500,,,500,30,independent_reviewer,Handheld spectrometer; reviewer method,center,12,50,https://www.lighttherapyinsiders.com/red-light-therapy-treatment-protocols/,Reviewer discloses affiliate commissions; older panel generation
rlr_reviewer,Red Light Rising Advantage1500,,,500,30,independent_reviewer,Handheld spectrometer; reviewer method,center,24,28,https://www.lighttherapyinsiders.com/red-light-therapy-treatment-protocols/,Reviewer discloses affiliate commissions; older panel generation
mitopro_reviewer,MitoPRO1500,,,300,60,independent_reviewer,Handheld spectrometer; reviewer method,center,6,86,https://www.lighttherapyinsiders.com/red-light-therapy-treatment-protocols/,Reviewer discloses affiliate commissions; older panel generation
mitopro_reviewer,MitoPRO1500,,,300,60,independent_reviewer,Handheld spectrometer; reviewer method,center,24,40,https://www.lighttherapyinsiders.com/red-light-therapy-treatment-protocols/,Reviewer discloses affiliate commissions; article did not state a numeric 12-inch value
rdpro_owner,RDPRO1500,,,300,,owner_measurement,Tenmars TM-206 broadband solar meter with GembaRed spectral correction,center,6,84,https://www.reddit.com/r/redlighttherapy/comments/1sjbzgp/measuring_my_rdpro1500_irradiance/,Anecdotal owner result; broadband-meter correction is not equivalent to spectroradiometry
rdpro_owner,RDPRO1500,,,300,,owner_measurement,Tenmars TM-206 broadband solar meter with GembaRed spectral correction,center,12,80,https://www.reddit.com/r/redlighttherapy/comments/1sjbzgp/measuring_my_rdpro1500_irradiance/,Anecdotal owner result
rdpro_owner,RDPRO1500,,,300,,owner_measurement,Tenmars TM-206 broadband solar meter with GembaRed spectral correction,center,15,78,https://www.reddit.com/r/redlighttherapy/comments/1sjbzgp/measuring_my_rdpro1500_irradiance/,Anecdotal owner result
rdpro_owner,RDPRO1500,,,300,,owner_measurement,Tenmars TM-206 broadband solar meter with GembaRed spectral correction,center,20,75,https://www.reddit.com/r/redlighttherapy/comments/1sjbzgp/measuring_my_rdpro1500_irradiance/,Anecdotal owner result
rdpro_owner,RDPRO1500,,,300,,owner_measurement,Tenmars TM-206 broadband solar meter with GembaRed spectral correction,center,31,50,https://www.reddit.com/r/redlighttherapy/comments/1sjbzgp/measuring_my_rdpro1500_irradiance/,Anecdotal owner result
biomax_quad_reviewer,PlatinumLED BioMax 900 four-panel array,,,,,independent_reviewer,Handheld spectrometer; reviewer method,center,6,84,https://www.lighttherapyinsiders.com/red-light-therapy-treatment-area/,Four-panel system; geometry is not a single-panel PL300 analog
biomax_quad_reviewer,PlatinumLED BioMax 900 four-panel array,,,,,independent_reviewer,Handheld spectrometer; reviewer method,center,12,71,https://www.lighttherapyinsiders.com/red-light-therapy-treatment-area/,Four-panel system; geometry is not a single-panel PL300 analog
biomax_quad_reviewer,PlatinumLED BioMax 900 four-panel array,,,,,independent_reviewer,Handheld spectrometer; reviewer method,center,24,61,https://www.lighttherapyinsiders.com/red-light-therapy-treatment-area/,Four-panel system; geometry is not a single-panel PL300 analog
fullbody_manual,Full Body Red Light Panel,67.6,16.3,840,30,manufacturer_manual,Method and meter not stated,unspecified,3,219.7,https://fullbodyredlighttherapy.com/wp-content/uploads/2025/05/Full-Body-Red-Light-Panel-User-Manual-2025.pdf,1092 W and 30-degree claims; lower-confidence company data
fullbody_manual,Full Body Red Light Panel,67.6,16.3,840,30,manufacturer_manual,Method and meter not stated,unspecified,6,154.6,https://fullbodyredlighttherapy.com/wp-content/uploads/2025/05/Full-Body-Red-Light-Panel-User-Manual-2025.pdf,Lower-confidence company data
fullbody_manual,Full Body Red Light Panel,67.6,16.3,840,30,manufacturer_manual,Method and meter not stated,unspecified,12,141,https://fullbodyredlighttherapy.com/wp-content/uploads/2025/05/Full-Body-Red-Light-Panel-User-Manual-2025.pdf,Lower-confidence company data
fullbody_manual,Full Body Red Light Panel,67.6,16.3,840,30,manufacturer_manual,Method and meter not stated,unspecified,18,124.3,https://fullbodyredlighttherapy.com/wp-content/uploads/2025/05/Full-Body-Red-Light-Panel-User-Manual-2025.pdf,Lower-confidence company data
fullbody_manual,Full Body Red Light Panel,67.6,16.3,840,30,manufacturer_manual,Method and meter not stated,unspecified,24,108,https://fullbodyredlighttherapy.com/wp-content/uploads/2025/05/Full-Body-Red-Light-Panel-User-Manual-2025.pdf,Lower-confidence company data
hooga_manual,Hooga SaunaPRO,39.9,10.9,280,60,manufacturer_manual,Method and meter not stated,unspecified,6,70,https://manuals.plus/hooga/saunapro-red-light-therapy-panel-manual.pdf,Lower-confidence company data; manual has internal documentation inconsistencies
hooga_manual,Hooga SaunaPRO,39.9,10.9,280,60,manufacturer_manual,Method and meter not stated,unspecified,12,55,https://manuals.plus/hooga/saunapro-red-light-therapy-panel-manual.pdf,Lower-confidence company data; manual has internal documentation inconsistencies
pl300_seller,PL300 seller graphic,36,12,300,60,seller_claim,Method and meter not stated,unspecified,6,145,local:user-supplied-seller-graphic,Beam angle is user recollection and is not printed in the graphic
pl300_seller,PL300 seller graphic,36,12,300,60,seller_claim,Method and meter not stated,unspecified,12,136,local:user-supplied-seller-graphic,Beam angle is user recollection and is not printed in the graphic
pl300_seller,PL300 seller graphic,36,12,300,60,seller_claim,Method and meter not stated,unspecified,18,113,local:user-supplied-seller-graphic,Beam angle is user recollection and is not printed in the graphic
pl300_seller,PL300 seller graphic,36,12,300,60,seller_claim,Method and meter not stated,unspecified,24,105,local:user-supplied-seller-graphic,Beam angle is user recollection and is not printed in the graphic
rlt_mini_hp350ir,RLT Home Total Spectrum MINI,,,,,third_party_vendor_published,Hopoocolor HP350IR spectrometer; Electropossible Ltd,center,6,98.7,https://rlthome.com/pages/3rd-party-testing,Current vendor-published third-party table; point location designated as center
rlt_mini_hp350ir,RLT Home Total Spectrum MINI,,,,,third_party_vendor_published,Hopoocolor HP350IR spectrometer; Electropossible Ltd,center,12,84.1,https://rlthome.com/pages/3rd-party-testing,Current vendor-published third-party table
rlt_mini_hp350ir,RLT Home Total Spectrum MINI,,,,,third_party_vendor_published,Hopoocolor HP350IR spectrometer; Electropossible Ltd,center,24,59,https://rlthome.com/pages/3rd-party-testing,Current vendor-published third-party table
rlt_mini_hp350ir,RLT Home Total Spectrum MINI,,,,,third_party_vendor_published,Hopoocolor HP350IR spectrometer; Electropossible Ltd,center,36,42.7,https://rlthome.com/pages/3rd-party-testing,Current vendor-published third-party table
rlt_compact_hp350ir,RLT Home Total Spectrum COMPACT,,,,,third_party_vendor_published,Hopoocolor HP350IR spectrometer; Electropossible Ltd,center,6,99,https://rlthome.com/pages/3rd-party-testing,Current vendor-published third-party table; point location designated as center
rlt_compact_hp350ir,RLT Home Total Spectrum COMPACT,,,,,third_party_vendor_published,Hopoocolor HP350IR spectrometer; Electropossible Ltd,center,12,86,https://rlthome.com/pages/3rd-party-testing,Current vendor-published third-party table
rlt_compact_hp350ir,RLT Home Total Spectrum COMPACT,,,,,third_party_vendor_published,Hopoocolor HP350IR spectrometer; Electropossible Ltd,center,24,63.2,https://rlthome.com/pages/3rd-party-testing,Current vendor-published third-party table
rlt_compact_hp350ir,RLT Home Total Spectrum COMPACT,,,,,third_party_vendor_published,Hopoocolor HP350IR spectrometer; Electropossible Ltd,center,36,47.2,https://rlthome.com/pages/3rd-party-testing,Current vendor-published third-party table
rlt_max_hp350ir,RLT Home Total Spectrum MAX,,,,,third_party_vendor_published,Hopoocolor HP350IR spectrometer; Electropossible Ltd,center,6,100.53,https://rlthome.com/pages/3rd-party-testing,Current vendor-published third-party table; point location designated as center
rlt_max_hp350ir,RLT Home Total Spectrum MAX,,,,,third_party_vendor_published,Hopoocolor HP350IR spectrometer; Electropossible Ltd,center,12,86.9,https://rlthome.com/pages/3rd-party-testing,Current vendor-published third-party table
rlt_max_hp350ir,RLT Home Total Spectrum MAX,,,,,third_party_vendor_published,Hopoocolor HP350IR spectrometer; Electropossible Ltd,center,24,68.65,https://rlthome.com/pages/3rd-party-testing,Current vendor-published third-party table
rlt_max_hp350ir,RLT Home Total Spectrum MAX,,,,,third_party_vendor_published,Hopoocolor HP350IR spectrometer; Electropossible Ltd,center,36,49.1,https://rlthome.com/pages/3rd-party-testing,Current vendor-published third-party table
rlt_ultra_hp350ir,RLT Home Total Spectrum ULTRA,,,,,third_party_vendor_published,Hopoocolor HP350IR spectrometer; Electropossible Ltd,center,6,119.28,https://rlthome.com/pages/3rd-party-testing,Current vendor-published third-party table; point location designated as center
rlt_ultra_hp350ir,RLT Home Total Spectrum ULTRA,,,,,third_party_vendor_published,Hopoocolor HP350IR spectrometer; Electropossible Ltd,center,12,97.58,https://rlthome.com/pages/3rd-party-testing,Current vendor-published third-party table
rlt_ultra_hp350ir,RLT Home Total Spectrum ULTRA,,,,,third_party_vendor_published,Hopoocolor HP350IR spectrometer; Electropossible Ltd,center,24,71.77,https://rlthome.com/pages/3rd-party-testing,Current vendor-published third-party table
rlt_ultra_hp350ir,RLT Home Total Spectrum ULTRA,,,,,third_party_vendor_published,Hopoocolor HP350IR spectrometer; Electropossible Ltd,center,36,49.73,https://rlthome.com/pages/3rd-party-testing,Current vendor-published third-party table
rlt_elite_hp350ir,RLT Home Total Spectrum ELITE,,,,,third_party_vendor_published,Hopoocolor HP350IR spectrometer; Electropossible Ltd,center,6,121.62,https://rlthome.com/pages/3rd-party-testing,Current vendor-published third-party table; point location designated as center
rlt_elite_hp350ir,RLT Home Total Spectrum ELITE,,,,,third_party_vendor_published,Hopoocolor HP350IR spectrometer; Electropossible Ltd,center,12,102.23,https://rlthome.com/pages/3rd-party-testing,Current vendor-published third-party table
rlt_elite_hp350ir,RLT Home Total Spectrum ELITE,,,,,third_party_vendor_published,Hopoocolor HP350IR spectrometer; Electropossible Ltd,center,24,74.91,https://rlthome.com/pages/3rd-party-testing,Current vendor-published third-party table
rlt_elite_hp350ir,RLT Home Total Spectrum ELITE,,,,,third_party_vendor_published,Hopoocolor HP350IR spectrometer; Electropossible Ltd,center,36,66.35,https://rlthome.com/pages/3rd-party-testing,Current vendor-published third-party table
rlt_ultra_lightlab,RLT Home Total Spectrum ULTRA,,,,,accredited_lab,Gigahertz-Optik BTS2048-VL-TEC and BTS2048-NIR spectral irradiance meters; LightLab International,center,6,85.7,https://rlthome.com/pages/3rd-party-testing,Vendor-published LightLab table; center point; maximum separately reported
rlt_ultra_lightlab,RLT Home Total Spectrum ULTRA,,,,,accredited_lab,Gigahertz-Optik BTS2048-VL-TEC and BTS2048-NIR spectral irradiance meters; LightLab International,center,12,67.99,https://rlthome.com/pages/3rd-party-testing,Vendor-published LightLab table
rlt_ultra_lightlab,RLT Home Total Spectrum ULTRA,,,,,accredited_lab,Gigahertz-Optik BTS2048-VL-TEC and BTS2048-NIR spectral irradiance meters; LightLab International,center,24,60.51,https://rlthome.com/pages/3rd-party-testing,Vendor-published LightLab table
rlt_ultra_lightlab,RLT Home Total Spectrum ULTRA,,,,,accredited_lab,Gigahertz-Optik BTS2048-VL-TEC and BTS2048-NIR spectral irradiance meters; LightLab International,center,36,45.55,https://rlthome.com/pages/3rd-party-testing,Vendor-published LightLab table
koze_x_lightlab,KOZE X Series,36,12,300,60,accredited_lab,LightLab International cosine-corrected spectral irradiance method,center,6,87.57,https://kozehealth.com/products/koze-x-series,Exact-form comparator: 300 dual-chip LEDs and 36 x 12 inch housing; seller solar-meter claim was 141 at 6 inches
koze_x_lightlab,KOZE X Series,36,12,300,60,accredited_lab,LightLab International cosine-corrected spectral irradiance method,center,12,71.36,https://kozehealth.com/products/koze-x-series,Exact-form comparator; LightLab result published by manufacturer
biomax900_lightlab,PlatinumLED BIOMAX 900,36,,300,,accredited_lab,Gigahertz-Optik BTS2048-VL-TEC and BTS2048-NIR spectral irradiance meters; 49-point LightLab grid,grid_average,6,83.13,https://device.report/m/cc7ef1922e5a5aa59b8a4e9e263e427018912f7d4f8a0df3126a523059e30537.pdf,LightLab report LLIA002684-004; 484.4 W input; center 79.92 and maximum 112.19
biomax900_lightlab,PlatinumLED BIOMAX 900,36,,300,,accredited_lab,Gigahertz-Optik BTS2048-VL-TEC and BTS2048-NIR spectral irradiance meters; 49-point LightLab grid,grid_average,12,71.29,https://device.report/m/cc7ef1922e5a5aa59b8a4e9e263e427018912f7d4f8a0df3126a523059e30537.pdf,LightLab report LLIA002684-004; center 75.21 and maximum 78.96
biomax900_lightlab,PlatinumLED BIOMAX 900,36,,300,,accredited_lab,Gigahertz-Optik BTS2048-VL-TEC and BTS2048-NIR spectral irradiance meters; 49-point LightLab grid,grid_average,18,60.63,https://device.report/m/cc7ef1922e5a5aa59b8a4e9e263e427018912f7d4f8a0df3126a523059e30537.pdf,LightLab report LLIA002684-004; center 61.92 and maximum 65.83
biomax900_lightlab,PlatinumLED BIOMAX 900,36,,300,,accredited_lab,Gigahertz-Optik BTS2048-VL-TEC and BTS2048-NIR spectral irradiance meters; 49-point LightLab grid,grid_average,24,52.35,https://device.report/m/cc7ef1922e5a5aa59b8a4e9e263e427018912f7d4f8a0df3126a523059e30537.pdf,LightLab report LLIA002684-004; center 54.07 and maximum 56.98
